<edmx:Edmx xmlns:edmx="http://schemas.microsoft.com/ado/2007/06/edmx"
	xmlns:m="http://schemas.microsoft.com/ado/2007/08/dataservices/metadata" xmlns:sap="http://www.sap.com/Protocols/SAPData" Version="1.0">
	<edmx:Reference xmlns:edmx="http://docs.oasis-open.org/odata/ns/edmx"
		Uri="https://s01:443/sap/opu/odata/iwfnd/catalogservice;v=2/Vocabularies(TechnicalName='%2FIWBEP%2FVOC_AGGREGATION',Version='0001',SAP__Origin='LOCAL')/$value"><edmx:Include Namespace="Org.OData.Aggregation.V1" Alias="Aggregation"/></edmx:Reference>
	<edmx:Reference xmlns:edmx="http://docs.oasis-open.org/odata/ns/edmx"
		Uri="https://s01:443/sap/opu/odata/iwfnd/catalogservice;v=2/Vocabularies(TechnicalName='%2FIWBEP%2FVOC_ANALYTICS',Version='0001',SAP__Origin='LOCAL')/$value"><edmx:Include Namespace="com.sap.vocabularies.Analytics.v1" Alias="Analytics"/></edmx:Reference>
	<edmx:Reference xmlns:edmx="http://docs.oasis-open.org/odata/ns/edmx"
		Uri="https://s01:443/sap/opu/odata/iwfnd/catalogservice;v=2/Vocabularies(TechnicalName='%2FIWBEP%2FVOC_CAPABILITIES',Version='0001',SAP__Origin='LOCAL')/$value"><edmx:Include Namespace="Org.OData.Capabilities.V1" Alias="Capabilities"/></edmx:Reference>
	<edmx:Reference xmlns:edmx="http://docs.oasis-open.org/odata/ns/edmx"
		Uri="https://s01:443/sap/opu/odata/iwfnd/catalogservice;v=2/Vocabularies(TechnicalName='%2FIWBEP%2FVOC_CODELIST',Version='0001',SAP__Origin='LOCAL')/$value"><edmx:Include Namespace="com.sap.vocabularies.CodeList.v1" Alias="SAP__CodeList"/></edmx:Reference>
	<edmx:Reference xmlns:edmx="http://docs.oasis-open.org/odata/ns/edmx"
		Uri="https://s01:443/sap/opu/odata/iwfnd/catalogservice;v=2/Vocabularies(TechnicalName='%2FIWBEP%2FVOC_COMMON',Version='0001',SAP__Origin='LOCAL')/$value"><edmx:Include Namespace="com.sap.vocabularies.Common.v1" Alias="Common"/></edmx:Reference>
	<edmx:Reference xmlns:edmx="http://docs.oasis-open.org/odata/ns/edmx"
		Uri="https://s01:443/sap/opu/odata/iwfnd/catalogservice;v=2/Vocabularies(TechnicalName='%2FIWBEP%2FVOC_COMMUNICATION',Version='0001',SAP__Origin='LOCAL')/$value"><edmx:Include Namespace="com.sap.vocabularies.Communication.v1" Alias="Communication"/></edmx:Reference>
	<edmx:Reference xmlns:edmx="http://docs.oasis-open.org/odata/ns/edmx"
		Uri="https://s01:443/sap/opu/odata/iwfnd/catalogservice;v=2/Vocabularies(TechnicalName='%2FIWBEP%2FVOC_MEASURES',Version='0001',SAP__Origin='LOCAL')/$value"><edmx:Include Namespace="Org.OData.Measures.V1" Alias="Measures"/></edmx:Reference>
	<edmx:Reference xmlns:edmx="http://docs.oasis-open.org/odata/ns/edmx"
		Uri="https://s01:443/sap/opu/odata/iwfnd/catalogservice;v=2/Vocabularies(TechnicalName='%2FIWBEP%2FVOC_PERSONALDATA',Version='0001',SAP__Origin='LOCAL')/$value"><edmx:Include Namespace="com.sap.vocabularies.PersonalData.v1" Alias="PersonalData"/></edmx:Reference>
	<edmx:Reference xmlns:edmx="http://docs.oasis-open.org/odata/ns/edmx"
		Uri="https://s01:443/sap/opu/odata/iwfnd/catalogservice;v=2/Vocabularies(TechnicalName='%2FIWBEP%2FVOC_UI',Version='0001',SAP__Origin='LOCAL')/$value"><edmx:Include Namespace="com.sap.vocabularies.UI.v1" Alias="UI"/></edmx:Reference>
	<edmx:Reference xmlns:edmx="http://docs.oasis-open.org/odata/ns/edmx"
		Uri="https://s01:443/sap/opu/odata/iwfnd/catalogservice;v=2/Vocabularies(TechnicalName='%2FIWBEP%2FVOC_VALIDATION',Version='0001',SAP__Origin='LOCAL')/$value"><edmx:Include Namespace="Org.OData.Validation.V1" Alias="Validation"/></edmx:Reference>
	<edmx:DataServices m:DataServiceVersion="2.0">
		<Schema xmlns="http://schemas.microsoft.com/ado/2008/09/edm" Namespace="ZTORBENTEST_SRV" xml:lang="de" sap:schema-version="1">
			<EntityType Name="FLIGHT" sap:content-version="1">
				<Key><PropertyRef Name="Mandt"/><PropertyRef Name="Carrid"/><PropertyRef Name="Connid"/><PropertyRef Name="Fldate"/></Key><Property Name="Mandt" Type="Edm.String" Nullable="false" MaxLength="3" sap:unicode="false" sap:label="Mandant" sap:creatable="false"
					sap:updatable="false" sap:sortable="false" sap:filterable="false"/><Property Name="Carrid" Type="Edm.String" Nullable="false" MaxLength="3" sap:unicode="false" sap:label="Fluggesellschaft"
					sap:creatable="false" sap:updatable="false" sap:sortable="false" sap:filterable="false"/><Property Name="Connid" Type="Edm.String" Nullable="false" MaxLength="4" sap:unicode="false" sap:label="Flugnummer" sap:creatable="false"
					sap:updatable="false" sap:sortable="false" sap:filterable="false"/><Property Name="Fldate" Type="Edm.DateTime" Nullable="false" Precision="7" sap:unicode="false" sap:label="Flugdatum" sap:creatable="false"
					sap:updatable="false" sap:sortable="false" sap:filterable="false"/><Property Name="Price" Type="Edm.Decimal" Nullable="false" Precision="16" Scale="3" sap:unicode="false" sap:unit="Currency"
					sap:label="Flugpreis" sap:creatable="false" sap:updatable="false" sap:sortable="false" sap:filterable="false"/><Property Name="Currency" Type="Edm.String" Nullable="false" MaxLength="5" sap:unicode="false" sap:label="Währ. d. Flugg."
					sap:creatable="false" sap:updatable="false" sap:sortable="false" sap:filterable="false" sap:semantics="currency-code"/><Property Name="Planetype" Type="Edm.String" Nullable="false" MaxLength="10" sap:unicode="false" sap:label="Flugzeugtyp"
					sap:creatable="false" sap:updatable="false" sap:sortable="false" sap:filterable="false"/><Property Name="Seatsmax" Type="Edm.Int32" Nullable="false" sap:unicode="false" sap:label="Max. Belegung Eco." sap:creatable="false"
					sap:updatable="false" sap:sortable="false" sap:filterable="false"/><Property Name="Seatsocc" Type="Edm.Int32" Nullable="false" sap:unicode="false" sap:label="Belegung Eco." sap:creatable="false"
					sap:updatable="false" sap:sortable="false" sap:filterable="false"/><Property Name="Paymentsum" Type="Edm.Decimal" Nullable="false" Precision="18" Scale="3" sap:unicode="false" sap:unit="Currency"
					sap:label="Akt. Summe" sap:creatable="false" sap:updatable="false" sap:sortable="false" sap:filterable="false"/><Property Name="SeatsmaxB" Type="Edm.Int32" Nullable="false" sap:unicode="false" sap:label="Max. Belegung Bus." sap:creatable="false"
					sap:updatable="false" sap:sortable="false" sap:filterable="false"/><Property Name="SeatsoccB" Type="Edm.Int32" Nullable="false" sap:unicode="false" sap:label="Belegung Bus." sap:creatable="false"
					sap:updatable="false" sap:sortable="false" sap:filterable="false"/><Property Name="SeatsmaxF" Type="Edm.Int32" Nullable="false" sap:unicode="false" sap:label="Max. Belegung 1st." sap:creatable="false"
					sap:updatable="false" sap:sortable="false" sap:filterable="false"/><Property Name="SeatsoccF" Type="Edm.Int32" Nullable="false" sap:unicode="false" sap:label="Belegung 1st." sap:creatable="false"
					sap:updatable="false" sap:sortable="false" sap:filterable="false"/></EntityType>
			<EntityType Name="demo_cds_sflightType" sap:content-version="1">
				<Key><PropertyRef Name="carrid"/><PropertyRef Name="connid"/><PropertyRef Name="fldate"/></Key><Property Name="carrid" Type="Edm.String" Nullable="false" MaxLength="3" sap:display-format="UpperCase" sap:label="Fluggesellschaft"
					sap:quickinfo="Kurzbezeichnung der Fluggesellschaft"/><Property Name="connid" Type="Edm.String" Nullable="false" MaxLength="4" sap:display-format="NonNegative" sap:label="Verbindungs-Nummer"
					sap:quickinfo="Code der Einzelflugverbindung"/><Property Name="fldate" Type="Edm.DateTime" Nullable="false" Precision="0" sap:display-format="Date" sap:label="Datum des Fluges"
					sap:quickinfo="Flugdatum"/><Property Name="price" Type="Edm.Decimal" Precision="16" Scale="3" sap:label="Flugpreis"/><Property Name="currency" Type="Edm.String" MaxLength="5" sap:display-format="UpperCase" sap:label="Währ. d. Flugg."
					sap:quickinfo="Hauswährung der Fluggesellschaft" sap:semantics="currency-code"/><Property Name="planetype" Type="Edm.String" MaxLength="10" sap:display-format="UpperCase" sap:label="Flugzeugtyp"/><Property Name="seatsmax" Type="Edm.Int32" sap:label="Max. Belegung Eco." sap:quickinfo="Maximale Belegung Economy Class"/><Property Name="seatsocc" Type="Edm.Int32" sap:label="Belegung Eco." sap:quickinfo="Belegte Plätze Economy Class"/><Property Name="paymentsum" Type="Edm.Decimal" Precision="18" Scale="3" sap:label="Akt. Buchungssumme"
					sap:quickinfo="Summe der bisherigen Buchungseinnahmen"/><Property Name="seatsmax_b" Type="Edm.Int32" sap:label="Max. Belegung Bus." sap:quickinfo="Maximale Belegung Business Class"/><Property Name="seatsocc_b" Type="Edm.Int32" sap:label="Belegung Bus." sap:quickinfo="Belegte Plätze Business Class"/><Property Name="seatsmax_f" Type="Edm.Int32" sap:label="Max. Belegung 1st." sap:quickinfo="Maximale Belegung First Class"/><Property Name="seatsocc_f" Type="Edm.Int32" sap:label="Belegung 1st." sap:quickinfo="Belegte Plätze First Class"/></EntityType>
			<EntityType Name="ZDEMO_CDS_SFLIGHTType" sap:label="Customer Sflight" sap:content-version="1">
				<Key><PropertyRef Name="carrid"/><PropertyRef Name="connid"/><PropertyRef Name="fldate"/></Key><Property Name="carrid" Type="Edm.String" Nullable="false" MaxLength="3" sap:display-format="UpperCase" sap:label="Fluggesellschaft"
					sap:quickinfo="Kurzbezeichnung der Fluggesellschaft"/><Property Name="connid" Type="Edm.String" Nullable="false" MaxLength="4" sap:display-format="NonNegative" sap:label="Verbindungs-Nummer"
					sap:quickinfo="Code der Einzelflugverbindung"/><Property Name="fldate" Type="Edm.DateTime" Nullable="false" Precision="0" sap:display-format="Date" sap:label="Datum des Fluges"
					sap:quickinfo="Flugdatum"/><Property Name="price" Type="Edm.Decimal" Precision="16" Scale="3" sap:unit="currency" sap:label="Flugpreis"/><Property Name="currency" Type="Edm.String" MaxLength="5" sap:display-format="UpperCase" sap:filter-restriction="single-value"
					sap:label="Währ. d. Flugg." sap:quickinfo="Hauswährung der Fluggesellschaft" sap:semantics="currency-code"/><Property Name="planetype" Type="Edm.String" MaxLength="10" sap:display-format="UpperCase" sap:label="Flugzeugtyp"/><Property Name="seatsmax" Type="Edm.Int32" sap:label="Max. Belegung Eco." sap:quickinfo="Maximale Belegung Economy Class"/><Property Name="seatsocc" Type="Edm.Int32" sap:label="Belegung Eco." sap:quickinfo="Belegte Plätze Economy Class"/><Property Name="paymentsum" Type="Edm.Decimal" Precision="18" Scale="3" sap:unit="currency" sap:label="Akt. Buchungssumme"
					sap:quickinfo="Summe der bisherigen Buchungseinnahmen"/><Property Name="seatsmax_b" Type="Edm.Int32" sap:label="Max. Belegung Bus." sap:quickinfo="Maximale Belegung Business Class"/><Property Name="seatsocc_b" Type="Edm.Int32" sap:label="Belegung Bus." sap:quickinfo="Belegte Plätze Business Class"/><Property Name="seatsmax_f" Type="Edm.Int32" sap:label="Max. Belegung 1st." sap:quickinfo="Maximale Belegung First Class"/><Property Name="seatsocc_f" Type="Edm.Int32" sap:label="Belegung 1st." sap:quickinfo="Belegte Plätze First Class"/></EntityType>
			<EntityContainer Name="ZTORBENTEST_SRV_Entities" m:IsDefaultEntityContainer="true" sap:message-scope-supported="true"
				sap:supported-formats="atom json xlsx"><EntitySet Name="FLIGHTSet" EntityType="ZTORBENTEST_SRV.FLIGHT" sap:creatable="false" sap:updatable="false" sap:deletable="false"
				sap:pageable="false" sap:content-version="1"/><EntitySet Name="demo_cds_sflight" EntityType="ZTORBENTEST_SRV.demo_cds_sflightType" sap:creatable="false" sap:updatable="false"
				sap:deletable="false" sap:content-version="1"/><EntitySet Name="ZDEMO_CDS_SFLIGHT" EntityType="ZTORBENTEST_SRV.ZDEMO_CDS_SFLIGHTType" sap:creatable="false" sap:updatable="false"
				sap:deletable="false" sap:content-version="1"/></EntityContainer><Annotation xmlns="http://docs.oasis-open.org/odata/ns/edm" Term="Core.SchemaVersion" String="1.0.0"/>
			<Annotations xmlns="http://docs.oasis-open.org/odata/ns/edm" Target="ZTORBENTEST_SRV.ZTORBENTEST_SRV_Entities"><Annotation Term="Common.ApplyMultiUnitBehaviorForSortingAndFiltering" Bool="true"/></Annotations>
			<Annotations xmlns="http://docs.oasis-open.org/odata/ns/edm" Target="ZTORBENTEST_SRV.ZTORBENTEST_SRV_Entities/ZDEMO_CDS_SFLIGHT">
				<Annotation Term="Capabilities.FilterRestrictions">
					<Record>
						<PropertyValue Property="FilterExpressionRestrictions">
							<Collection>
								<Record><PropertyValue Property="Property" PropertyPath="currency"/><PropertyValue Property="AllowedExpressions" String="SingleValue"/></Record>
							</Collection>
						</PropertyValue>
					</Record>
				</Annotation>
			</Annotations><atom:link xmlns:atom="http://www.w3.org/2005/Atom" rel="self" href="https://s01:443/sap/opu/odata/sap/ZTORBENTEST_SRV/$metadata"/><atom:link xmlns:atom="http://www.w3.org/2005/Atom" rel="latest-version" href="https://s01:443/sap/opu/odata/sap/ZTORBENTEST_SRV/$metadata"/></Schema>
	</edmx:DataServices>
</edmx:Edmx>