<?xml version="1.0" encoding="utf-8"?>
<edmx:Edmx Version="1.0" xmlns:edmx="http://schemas.microsoft.com/ado/2007/06/edmx" xmlns:m="http://schemas.microsoft.com/ado/2007/08/dataservices/metadata" xmlns:sap="http://www.sap.com/Protocols/SAPData">
    <edmx:Reference Uri="https://cot.rz.sys.aok.de:44342/sap/opu/odata/iwfnd/catalogservice;v=2/Vocabularies(TechnicalName='%2FIWBEP%2FVOC_COMMON',Version='0001',SAP__Origin='GKV_SART_C')/$value" xmlns:edmx="http://docs.oasis-open.org/odata/ns/edmx">
        <edmx:Include Namespace="com.sap.vocabularies.Common.v1" Alias="Common"/>
    </edmx:Reference>
    <edmx:DataServices m:DataServiceVersion="2.0">
        <Schema Namespace="ZZ_MAL_GET_FLIGHT_SRV" xml:lang="de" sap:schema-version="1" xmlns="http://schemas.microsoft.com/ado/2008/09/edm">
            <EntityType Name="SFlight" sap:content-version="1">
                <Key>
                    <PropertyRef Name="Mandt"/>
                    <PropertyRef Name="Carrid"/>
                    <PropertyRef Name="Connid"/>
                    <PropertyRef Name="Fldate"/>
                </Key>
                <Property Name="Mandt" Type="Edm.String" Nullable="false" MaxLength="3" sap:unicode="false" sap:label="Mandant" sap:creatable="false" sap:updatable="false" sap:sortable="false" sap:filterable="false"/>
                <Property Name="Carrid" Type="Edm.String" Nullable="false" MaxLength="3" sap:unicode="false" sap:label="Fluggesellschaft" sap:creatable="false" sap:updatable="false" sap:sortable="false" sap:filterable="false"/>
                <Property Name="Connid" Type="Edm.String" Nullable="false" MaxLength="4" sap:unicode="false" sap:label="Flugnummer" sap:creatable="false" sap:updatable="false" sap:sortable="false" sap:filterable="false"/>
                <Property Name="Fldate" Type="Edm.DateTime" Nullable="false" Precision="7" sap:unicode="false" sap:label="Flugdatum" sap:creatable="false" sap:updatable="false" sap:sortable="false" sap:filterable="false"/>
                <Property Name="Price" Type="Edm.Decimal" Nullable="false" Precision="16" Scale="3" sap:unicode="false" sap:unit="Currency" sap:label="Flugpreis" sap:creatable="false" sap:updatable="false" sap:sortable="false" sap:filterable="false"/>
                <Property Name="Currency" Type="Edm.String" Nullable="false" MaxLength="5" sap:unicode="false" sap:label="Währ. d. Flugg." sap:creatable="false" sap:updatable="false" sap:sortable="false" sap:filterable="false" sap:semantics="currency-code"/>
                <Property Name="Planetype" Type="Edm.String" Nullable="false" MaxLength="10" sap:unicode="false" sap:label="Flugzeugtyp" sap:creatable="false" sap:updatable="false" sap:sortable="false" sap:filterable="false"/>
                <Property Name="Seatsmax" Type="Edm.Int32" Nullable="false" sap:unicode="false" sap:label="Max. Belegung Eco." sap:creatable="false" sap:updatable="false" sap:sortable="false" sap:filterable="false"/>
                <Property Name="Seatsocc" Type="Edm.Int32" Nullable="false" sap:unicode="false" sap:label="Belegung Eco." sap:creatable="false" sap:updatable="false" sap:sortable="false" sap:filterable="false"/>
                <Property Name="Paymentsum" Type="Edm.Decimal" Nullable="false" Precision="18" Scale="3" sap:unicode="false" sap:unit="Currency" sap:label="Akt. Summe" sap:creatable="false" sap:updatable="false" sap:sortable="false" sap:filterable="false"/>
                <Property Name="SeatsmaxB" Type="Edm.Int32" Nullable="false" sap:unicode="false" sap:label="Max. Belegung Bus." sap:creatable="false" sap:updatable="false" sap:sortable="false" sap:filterable="false"/>
                <Property Name="SeatsoccB" Type="Edm.Int32" Nullable="false" sap:unicode="false" sap:label="Belegung Bus." sap:creatable="false" sap:updatable="false" sap:sortable="false" sap:filterable="false"/>
                <Property Name="SeatsmaxF" Type="Edm.Int32" Nullable="false" sap:unicode="false" sap:label="Max. Belegung 1st." sap:creatable="false" sap:updatable="false" sap:sortable="false" sap:filterable="false"/>
                <Property Name="SeatsoccF" Type="Edm.Int32" Nullable="false" sap:unicode="false" sap:label="Belegung 1st." sap:creatable="false" sap:updatable="false" sap:sortable="false" sap:filterable="false"/>
            </EntityType>
            <EntityType Name="ZMAL_SFlightType" sap:label="SFlight" sap:content-version="1">
                <Key>
                    <PropertyRef Name="carrid"/>
                    <PropertyRef Name="connid"/>
                    <PropertyRef Name="fldate"/>
                </Key>
                <Property Name="carrid" Type="Edm.String" Nullable="false" MaxLength="3" sap:display-format="UpperCase" sap:label="Fluggesellschaft"/>
                <Property Name="seatsmax_b" Type="Edm.Int32" sap:label="Max. Belegung Bus."/>
                <Property Name="seatsocc_b" Type="Edm.Int32" sap:label="Belegung Bus."/>
                <Property Name="seatsmax_f" Type="Edm.Int32" sap:label="Max. Belegung 1st."/>
                <Property Name="seatsocc_f" Type="Edm.Int32" sap:label="Belegung 1st."/>
                <Property Name="connid" Type="Edm.String" Nullable="false" MaxLength="4" sap:display-format="NonNegative" sap:label="Verbindungs-Nummer"/>
                <Property Name="fldate" Type="Edm.DateTime" Nullable="false" Precision="0" sap:display-format="Date" sap:label="Datum des Fluges"/>
                <Property Name="price" Type="Edm.Decimal" Precision="16" Scale="3" sap:unit="currency" sap:label="Flugpreis"/>
                <Property Name="currency" Type="Edm.String" MaxLength="5" sap:label="Währ. d. Flugg." sap:semantics="currency-code"/>
                <Property Name="planetype" Type="Edm.String" MaxLength="10" sap:display-format="UpperCase" sap:label="Flugzeugtyp"/>
                <Property Name="seatsmax" Type="Edm.Int32" sap:label="Max. Belegung Eco."/>
                <Property Name="seatsocc" Type="Edm.Int32" sap:label="Belegung Eco."/>
                <Property Name="paymentsum" Type="Edm.Decimal" Precision="18" Scale="3" sap:unit="currency" sap:label="Akt. Buchungssumme"/>
            </EntityType>
            <EntityContainer Name="ZZ_MAL_GET_FLIGHT_SRV_Entities" m:IsDefaultEntityContainer="true" sap:supported-formats="atom json xlsx">
                <EntitySet Name="SFlightSet" EntityType="ZZ_MAL_GET_FLIGHT_SRV.SFlight" sap:creatable="false" sap:updatable="false" sap:deletable="false" sap:pageable="false" sap:content-version="1"/>
                <EntitySet Name="ZMAL_SFlight" EntityType="ZZ_MAL_GET_FLIGHT_SRV.ZMAL_SFlightType" sap:creatable="false" sap:updatable="false" sap:deletable="false" sap:content-version="1"/>
            </EntityContainer>
            <Annotation Term="Core.SchemaVersion" String="1.0.0" xmlns="http://docs.oasis-open.org/odata/ns/edm"/>
            <atom:link rel="self" href="https://cot.rz.sys.aok.de:44342/sap/opu/odata/sap/ZZ_MAL_GET_FLIGHT_SRV/$metadata" xmlns:atom="http://www.w3.org/2005/Atom"/>
            <atom:link rel="latest-version" href="https://cot.rz.sys.aok.de:44342/sap/opu/odata/sap/ZZ_MAL_GET_FLIGHT_SRV/$metadata" xmlns:atom="http://www.w3.org/2005/Atom"/>
        </Schema>
    </edmx:DataServices>
</edmx:Edmx>