[
    {
        "__metadata": {
            "id": "https://COT.RZ.SYS.AOK.DE:44342/sap/opu/odata/sap/ZZ_MAL_GET_FLIGHT_SRV/SFlightSet(Mandt='099',Carrid='AA',Connid='0017',Fldate=datetime'2016-06-08T00%3A00%3A00')",
            "uri": "https://COT.RZ.SYS.AOK.DE:44342/sap/opu/odata/sap/ZZ_MAL_GET_FLIGHT_SRV/SFlightSet(Mandt='099',Carrid='AA',Connid='0017',Fldate=datetime'2016-06-08T00%3A00%3A00')",
            "type": "ZZ_MAL_GET_FLIGHT_SRV.SFlight"
        },
        "Mandt": "099",
        "Carrid": "AA",
        "Connid": "0017",
        "Fldate": "\/Date(1465344000000)\/",
        "Price": "422.94",
        "Currency": "USD",
        "Planetype": "747-400",
        "Seatsmax": 385,
        "Seatsocc": 14,
        "Paymentsum": "25905.12",
        "SeatsmaxB": 31,
        "SeatsoccB": 4,
        "SeatsmaxF": 21,
        "SeatsoccF": 3
    },
    {
        "__metadata": {
            "id": "https://COT.RZ.SYS.AOK.DE:44342/sap/opu/odata/sap/ZZ_MAL_GET_FLIGHT_SRV/SFlightSet(Mandt='099',Carrid='AA',Connid='0017',Fldate=datetime'2016-08-17T00%3A00%3A00')",
            "uri": "https://COT.RZ.SYS.AOK.DE:44342/sap/opu/odata/sap/ZZ_MAL_GET_FLIGHT_SRV/SFlightSet(Mandt='099',Carrid='AA',Connid='0017',Fldate=datetime'2016-08-17T00%3A00%3A00')",
            "type": "ZZ_MAL_GET_FLIGHT_SRV.SFlight"
        },
        "Mandt": "099",
        "Carrid": "AA",
        "Connid": "0017",
        "Fldate": "\/Date(1471392000000)\/",
        "Price": "422.94",
        "Currency": "USD",
        "Planetype": "747-400",
        "Seatsmax": 385,
        "Seatsocc": -26,
        "Paymentsum": "5929.61", 
        "SeatsmaxB": 31,
        "SeatsoccB": 1,
        "SeatsmaxF": 21,
        "SeatsoccF": 1
    },
    {
        "__metadata": {
            "id": "https://COT.RZ.SYS.AOK.DE:44342/sap/opu/odata/sap/ZZ_MAL_GET_FLIGHT_SRV/SFlightSet(Mandt='099',Carrid='AZ',Connid='0555',Fldate=datetime'2015-09-02T00%3A00%3A00')",
            "uri": "https://COT.RZ.SYS.AOK.DE:44342/sap/opu/odata/sap/ZZ_MAL_GET_FLIGHT_SRV/SFlightSet(Mandt='099',Carrid='AZ',Connid='0555',Fldate=datetime'2015-09-02T00%3A00%3A00')",
            "type": "ZZ_MAL_GET_FLIGHT_SRV.SFlight"
        },
        "Mandt": "099",
        "Carrid": "AZ",
        "Connid": "0555",
        "Fldate": "\/Date(1441152000000)\/",
        "Price": "185.00",
        "Currency": "EUR",
        "Planetype": "A310-300",
        "Seatsmax": 280,
        "Seatsocc": 235,
        "Paymentsum": "58724.55",
        "SeatsmaxB": 22,
        "SeatsoccB": 21,
        "SeatsmaxF": 10,
        "SeatsoccF": 10
    },
    {
        "__metadata": {
            "id": "https://COT.RZ.SYS.AOK.DE:44342/sap/opu/odata/sap/ZZ_MAL_GET_FLIGHT_SRV/SFlightSet(Mandt='099',Carrid='AZ',Connid='0555',Fldate=datetime'2015-11-11T00%3A00%3A00')",
            "uri": "https://COT.RZ.SYS.AOK.DE:44342/sap/opu/odata/sap/ZZ_MAL_GET_FLIGHT_SRV/SFlightSet(Mandt='099',Carrid='AZ',Connid='0555',Fldate=datetime'2015-11-11T00%3A00%3A00')",
            "type": "ZZ_MAL_GET_FLIGHT_SRV.SFlight"
        },
        "Mandt": "099",
        "Carrid": "AZ",
        "Connid": "0555",
        "Fldate": "\/Date(1447200000000)\/",
        "Price": "185.00",
        "Currency": "EUR",
        "Planetype": "A310-300",
        "Seatsmax": 280,
        "Seatsocc": 235,
        "Paymentsum": "58361.95",
        "SeatsmaxB": 22,
        "SeatsoccB": 21,
        "SeatsmaxF": 10,
        "SeatsoccF": 10
    },
    {
        "__metadata": {
            "id": "https://COT.RZ.SYS.AOK.DE:44342/sap/opu/odata/sap/ZZ_MAL_GET_FLIGHT_SRV/SFlightSet(Mandt='099',Carrid='AZ',Connid='0555',Fldate=datetime'2016-01-20T00%3A00%3A00')",
            "uri": "https://COT.RZ.SYS.AOK.DE:44342/sap/opu/odata/sap/ZZ_MAL_GET_FLIGHT_SRV/SFlightSet(Mandt='099',Carrid='AZ',Connid='0555',Fldate=datetime'2016-01-20T00%3A00%3A00')",
            "type": "ZZ_MAL_GET_FLIGHT_SRV.SFlight"
        },
        "Mandt": "099",
        "Carrid": "AZ",
        "Connid": "0555",
        "Fldate": "\/Date(1453248000000)\/",
        "Price": "185.00",
        "Currency": "EUR",
        "Planetype": "A310-300",
        "Seatsmax": 280,
        "Seatsocc": 235,
        "Paymentsum": "58243.55",
        "SeatsmaxB": 22,
        "SeatsoccB": 20,
        "SeatsmaxF": 10,
        "SeatsoccF": 10
    },
    {
        "__metadata": {
            "id": "https://COT.RZ.SYS.AOK.DE:44342/sap/opu/odata/sap/ZZ_MAL_GET_FLIGHT_SRV/SFlightSet(Mandt='099',Carrid='AZ',Connid='0555',Fldate=datetime'2016-06-08T00%3A00%3A00')",
            "uri": "https://COT.RZ.SYS.AOK.DE:44342/sap/opu/odata/sap/ZZ_MAL_GET_FLIGHT_SRV/SFlightSet(Mandt='099',Carrid='AZ',Connid='0555',Fldate=datetime'2016-06-08T00%3A00%3A00')",
            "type": "ZZ_MAL_GET_FLIGHT_SRV.SFlight"
        },
        "Mandt": "099",
        "Carrid": "AZ",
        "Connid": "0555",
        "Fldate": "\/Date(1465344000000)\/",
        "Price": "185.00",
        "Currency": "EUR",
        "Planetype": "A310-300",
        "Seatsmax": 280,
        "Seatsocc": 4,
        "Paymentsum": "8539.60",
        "SeatsmaxB": 22,
        "SeatsoccB": 3,
        "SeatsmaxF": 10,
        "SeatsoccF": 1
    },
    {
        "__metadata": {
            "id": "https://COT.RZ.SYS.AOK.DE:44342/sap/opu/odata/sap/ZZ_MAL_GET_FLIGHT_SRV/SFlightSet(Mandt='099',Carrid='AZ',Connid='0555',Fldate=datetime'2016-08-17T00%3A00%3A00')",
            "uri": "https://COT.RZ.SYS.AOK.DE:44342/sap/opu/odata/sap/ZZ_MAL_GET_FLIGHT_SRV/SFlightSet(Mandt='099',Carrid='AZ',Connid='0555',Fldate=datetime'2016-08-17T00%3A00%3A00')",
            "type": "ZZ_MAL_GET_FLIGHT_SRV.SFlight"
        },
        "Mandt": "099",
        "Carrid": "AZ",
        "Connid": "0555",
        "Fldate": "\/Date(1471392000000)\/",
        "Price": "185.00",
        "Currency": "EUR",
        "Planetype": "A310-300",
        "Seatsmax": 280,
        "Seatsocc": -9,
        "Paymentsum": "5814.55",
        "SeatsmaxB": 22,
        "SeatsoccB": 2,
        "SeatsmaxF": 10,
        "SeatsoccF": 1
    },
    {
        "__metadata": {
            "id": "https://COT.RZ.SYS.AOK.DE:44342/sap/opu/odata/sap/ZZ_MAL_GET_FLIGHT_SRV/SFlightSet(Mandt='099',Carrid='AZ',Connid='0789',Fldate=datetime'2015-06-24T00%3A00%3A00')",
            "uri": "https://COT.RZ.SYS.AOK.DE:44342/sap/opu/odata/sap/ZZ_MAL_GET_FLIGHT_SRV/SFlightSet(Mandt='099',Carrid='AZ',Connid='0789',Fldate=datetime'2015-06-24T00%3A00%3A00')",
            "type": "ZZ_MAL_GET_FLIGHT_SRV.SFlight"
        },
        "Mandt": "099",
        "Carrid": "AZ",
        "Connid": "0789",
        "Fldate": "\/Date(1435104000000)\/",
        "Price": "1030.00",
        "Currency": "EUR",
        "Planetype": "A319",
        "Seatsmax": 220,
        "Seatsocc": 177,
        "Paymentsum": "273166.30",
        "SeatsmaxB": 22,
        "SeatsoccB": 22,
        "SeatsmaxF": 10,
        "SeatsoccF": 10
    },
    {
        "__metadata": {
            "id": "https://COT.RZ.SYS.AOK.DE:44342/sap/opu/odata/sap/ZZ_MAL_GET_FLIGHT_SRV/SFlightSet(Mandt='099',Carrid='AZ',Connid='0789',Fldate=datetime'2015-09-02T00%3A00%3A00')",
            "uri": "https://COT.RZ.SYS.AOK.DE:44342/sap/opu/odata/sap/ZZ_MAL_GET_FLIGHT_SRV/SFlightSet(Mandt='099',Carrid='AZ',Connid='0789',Fldate=datetime'2015-09-02T00%3A00%3A00')",
            "type": "ZZ_MAL_GET_FLIGHT_SRV.SFlight"
        },
        "Mandt": "099",
        "Carrid": "AZ",
        "Connid": "0789",
        "Fldate": "\/Date(1441152000000)\/",
        "Price": "1030.00",
        "Currency": "EUR",
        "Planetype": "A319",
        "Seatsmax": 220,
        "Seatsocc": 170,
        "Paymentsum": "261980.50",
        "SeatsmaxB": 22,
        "SeatsoccB": 20,
        "SeatsmaxF": 10,
        "SeatsoccF": 9
    },
    {
        "__metadata": {
            "id": "https://COT.RZ.SYS.AOK.DE:44342/sap/opu/odata/sap/ZZ_MAL_GET_FLIGHT_SRV/SFlightSet(Mandt='099',Carrid='AZ',Connid='0789',Fldate=datetime'2015-11-11T00%3A00%3A00')",
            "uri": "https://COT.RZ.SYS.AOK.DE:44342/sap/opu/odata/sap/ZZ_MAL_GET_FLIGHT_SRV/SFlightSet(Mandt='099',Carrid='AZ',Connid='0789',Fldate=datetime'2015-11-11T00%3A00%3A00')",
            "type": "ZZ_MAL_GET_FLIGHT_SRV.SFlight"
        },
        "Mandt": "099",
        "Carrid": "AZ",
        "Connid": "0789",
        "Fldate": "\/Date(1447200000000)\/",
        "Price": "1030.00",
        "Currency": "EUR",
        "Planetype": "A319",
        "Seatsmax": 220,
        "Seatsocc": 177,
        "Paymentsum": "270756.10",
        "SeatsmaxB": 22,
        "SeatsoccB": 21,
        "SeatsmaxF": 10,
        "SeatsoccF": 10
    },
    {
        "__metadata": {
            "id": "https://COT.RZ.SYS.AOK.DE:44342/sap/opu/odata/sap/ZZ_MAL_GET_FLIGHT_SRV/SFlightSet(Mandt='099',Carrid='AZ',Connid='0789',Fldate=datetime'2016-01-20T00%3A00%3A00')",
            "uri": "https://COT.RZ.SYS.AOK.DE:44342/sap/opu/odata/sap/ZZ_MAL_GET_FLIGHT_SRV/SFlightSet(Mandt='099',Carrid='AZ',Connid='0789',Fldate=datetime'2016-01-20T00%3A00%3A00')",
            "type": "ZZ_MAL_GET_FLIGHT_SRV.SFlight"
        },
        "Mandt": "099",
        "Carrid": "AZ",
        "Connid": "0789",
        "Fldate": "\/Date(1453248000000)\/",
        "Price": "1030.00",
        "Currency": "EUR",
        "Planetype": "A319",
        "Seatsmax": 220,
        "Seatsocc": 177,
        "Paymentsum": "272847.00",
        "SeatsmaxB": 22,
        "SeatsoccB": 21,
        "SeatsmaxF": 10,
        "SeatsoccF": 10
    },
    {
        "__metadata": {
            "id": "https://COT.RZ.SYS.AOK.DE:44342/sap/opu/odata/sap/ZZ_MAL_GET_FLIGHT_SRV/SFlightSet(Mandt='099',Carrid='AZ',Connid='0789',Fldate=datetime'2016-03-30T00%3A00%3A00')",
            "uri": "https://COT.RZ.SYS.AOK.DE:44342/sap/opu/odata/sap/ZZ_MAL_GET_FLIGHT_SRV/SFlightSet(Mandt='099',Carrid='AZ',Connid='0789',Fldate=datetime'2016-03-30T00%3A00%3A00')",
            "type": "ZZ_MAL_GET_FLIGHT_SRV.SFlight"
        },
        "Mandt": "099",
        "Carrid": "AZ",
        "Connid": "0789",
        "Fldate": "\/Date(1459296000000)\/",
        "Price": "1030.00",
        "Currency": "EUR",
        "Planetype": "A319",
        "Seatsmax": 220,
        "Seatsocc": -35,
        "Paymentsum": "1030.00",
        "SeatsmaxB": 22,
        "SeatsoccB": 0,
        "SeatsmaxF": 10,
        "SeatsoccF": 0
    },
    {
        "__metadata": {
            "id": "https://COT.RZ.SYS.AOK.DE:44342/sap/opu/odata/sap/ZZ_MAL_GET_FLIGHT_SRV/SFlightSet(Mandt='099',Carrid='AZ',Connid='0789',Fldate=datetime'2016-06-08T00%3A00%3A00')",
            "uri": "https://COT.RZ.SYS.AOK.DE:44342/sap/opu/odata/sap/ZZ_MAL_GET_FLIGHT_SRV/SFlightSet(Mandt='099',Carrid='AZ',Connid='0789',Fldate=datetime'2016-06-08T00%3A00%3A00')",
            "type": "ZZ_MAL_GET_FLIGHT_SRV.SFlight"
        },
        "Mandt": "099",
        "Carrid": "AZ",
        "Connid": "0789",
        "Fldate": "\/Date(1465344000000)\/",
        "Price": "1030.00",
        "Currency": "EUR",
        "Planetype": "A319",
        "Seatsmax": 220,
        "Seatsocc": 32,
        "Paymentsum": "86211.00",
        "SeatsmaxB": 22,
        "SeatsoccB": 7,
        "SeatsmaxF": 10,
        "SeatsoccF": 3
    },
    {
        "__metadata": {
            "id": "https://COT.RZ.SYS.AOK.DE:44342/sap/opu/odata/sap/ZZ_MAL_GET_FLIGHT_SRV/SFlightSet(Mandt='099',Carrid='AZ',Connid='0789',Fldate=datetime'2016-08-17T00%3A00%3A00')",
            "uri": "https://COT.RZ.SYS.AOK.DE:44342/sap/opu/odata/sap/ZZ_MAL_GET_FLIGHT_SRV/SFlightSet(Mandt='099',Carrid='AZ',Connid='0789',Fldate=datetime'2016-08-17T00%3A00%3A00')",
            "type": "ZZ_MAL_GET_FLIGHT_SRV.SFlight"
        },
        "Mandt": "099",
        "Carrid": "AZ",
        "Connid": "0789",
        "Fldate": "\/Date(1471392000000)\/",
        "Price": "1030.00",
        "Currency": "EUR",
        "Planetype": "A319",
        "Seatsmax": 220,
        "Seatsocc": -36,
        "Paymentsum": "0.00",
        "SeatsmaxB": 22,
        "SeatsoccB": 0,
        "SeatsmaxF": 10,
        "SeatsoccF": 0
    },
    {
        "__metadata": {
            "id": "https://COT.RZ.SYS.AOK.DE:44342/sap/opu/odata/sap/ZZ_MAL_GET_FLIGHT_SRV/SFlightSet(Mandt='099',Carrid='DL',Connid='0106',Fldate=datetime'2015-06-22T00%3A00%3A00')",
            "uri": "https://COT.RZ.SYS.AOK.DE:44342/sap/opu/odata/sap/ZZ_MAL_GET_FLIGHT_SRV/SFlightSet(Mandt='099',Carrid='DL',Connid='0106',Fldate=datetime'2015-06-22T00%3A00%3A00')",
            "type": "ZZ_MAL_GET_FLIGHT_SRV.SFlight"
        },
        "Mandt": "099",
        "Carrid": "DL",
        "Connid": "0106",
        "Fldate": "\/Date(1434931200000)\/",
        "Price": "611.01",
        "Currency": "USD",
        "Planetype": "DC-10-10",
        "Seatsmax": 380,
        "Seatsocc": 323,
        "Paymentsum": "276329.62",
        "SeatsmaxB": 41,
        "SeatsoccB": 37,
        "SeatsmaxF": 18,
        "SeatsoccF": 18
    },
    {
        "__metadata": {
            "id": "https://COT.RZ.SYS.AOK.DE:44342/sap/opu/odata/sap/ZZ_MAL_GET_FLIGHT_SRV/SFlightSet(Mandt='099',Carrid='DL',Connid='0106',Fldate=datetime'2015-08-31T00%3A00%3A00')",
            "uri": "https://COT.RZ.SYS.AOK.DE:44342/sap/opu/odata/sap/ZZ_MAL_GET_FLIGHT_SRV/SFlightSet(Mandt='099',Carrid='DL',Connid='0106',Fldate=datetime'2015-08-31T00%3A00%3A00')",
            "type": "ZZ_MAL_GET_FLIGHT_SRV.SFlight"
        },
        "Mandt": "099",
        "Carrid": "DL",
        "Connid": "0106",
        "Fldate": "\/Date(1440979200000)\/",
        "Price": "611.01",
        "Currency": "USD",
        "Planetype": "DC-10-10",
        "Seatsmax": 380,
        "Seatsocc": 325,
        "Paymentsum": "279189.16",
        "SeatsmaxB": 41,
        "SeatsoccB": 39,
        "SeatsmaxF": 18,
        "SeatsoccF": 18
    },
    {
        "__metadata": {
            "id": "https://COT.RZ.SYS.AOK.DE:44342/sap/opu/odata/sap/ZZ_MAL_GET_FLIGHT_SRV/SFlightSet(Mandt='099',Carrid='DL',Connid='0106',Fldate=datetime'2015-11-09T00%3A00%3A00')",
            "uri": "https://COT.RZ.SYS.AOK.DE:44342/sap/opu/odata/sap/ZZ_MAL_GET_FLIGHT_SRV/SFlightSet(Mandt='099',Carrid='DL',Connid='0106',Fldate=datetime'2015-11-09T00%3A00%3A00')",
            "type": "ZZ_MAL_GET_FLIGHT_SRV.SFlight"
        },
        "Mandt": "099",
        "Carrid": "DL",
        "Connid": "0106",
        "Fldate": "\/Date(1447027200000)\/",
        "Price": "611.01",
        "Currency": "USD",
        "Planetype": "DC-10-10",
        "Seatsmax": 380,
        "Seatsocc": 330,
        "Paymentsum": "279910.19",
        "SeatsmaxB": 41,
        "SeatsoccB": 39,
        "SeatsmaxF": 18,
        "SeatsoccF": 18
    },
    {
        "__metadata": {
            "id": "https://COT.RZ.SYS.AOK.DE:44342/sap/opu/odata/sap/ZZ_MAL_GET_FLIGHT_SRV/SFlightSet(Mandt='099',Carrid='DL',Connid='0106',Fldate=datetime'2016-01-18T00%3A00%3A00')",
            "uri": "https://COT.RZ.SYS.AOK.DE:44342/sap/opu/odata/sap/ZZ_MAL_GET_FLIGHT_SRV/SFlightSet(Mandt='099',Carrid='DL',Connid='0106',Fldate=datetime'2016-01-18T00%3A00%3A00')",
            "type": "ZZ_MAL_GET_FLIGHT_SRV.SFlight"
        },
        "Mandt": "099",
        "Carrid": "DL",
        "Connid": "0106",
        "Fldate": "\/Date(1453075200000)\/",
        "Price": "611.01",
        "Currency": "USD",
        "Planetype": "DC-10-10",
        "Seatsmax": 380,
        "Seatsocc": 330,
        "Paymentsum": "281064.98",
        "SeatsmaxB": 41,
        "SeatsoccB": 39,
        "SeatsmaxF": 18,
        "SeatsoccF": 18
    },
    {
        "__metadata": {
            "id": "https://COT.RZ.SYS.AOK.DE:44342/sap/opu/odata/sap/ZZ_MAL_GET_FLIGHT_SRV/SFlightSet(Mandt='099',Carrid='DL',Connid='0106',Fldate=datetime'2016-03-28T00%3A00%3A00')",
            "uri": "https://COT.RZ.SYS.AOK.DE:44342/sap/opu/odata/sap/ZZ_MAL_GET_FLIGHT_SRV/SFlightSet(Mandt='099',Carrid='DL',Connid='0106',Fldate=datetime'2016-03-28T00%3A00%3A00')",
            "type": "ZZ_MAL_GET_FLIGHT_SRV.SFlight"
        },
        "Mandt": "099",
        "Carrid": "DL",
        "Connid": "0106",
        "Fldate": "\/Date(1459123200000)\/",
        "Price": "611.01",
        "Currency": "USD",
        "Planetype": "DC-10-10",
        "Seatsmax": 380,
        "Seatsocc": 106,
        "Paymentsum": "110348.55",
        "SeatsmaxB": 41,
        "SeatsoccB": 16,
        "SeatsmaxF": 18,
        "SeatsoccF": 7
    },
    {
        "__metadata": {
            "id": "https://COT.RZ.SYS.AOK.DE:44342/sap/opu/odata/sap/ZZ_MAL_GET_FLIGHT_SRV/SFlightSet(Mandt='099',Carrid='DL',Connid='0106',Fldate=datetime'2016-06-06T00%3A00%3A00')",
            "uri": "https://COT.RZ.SYS.AOK.DE:44342/sap/opu/odata/sap/ZZ_MAL_GET_FLIGHT_SRV/SFlightSet(Mandt='099',Carrid='DL',Connid='0106',Fldate=datetime'2016-06-06T00%3A00%3A00')",
            "type": "ZZ_MAL_GET_FLIGHT_SRV.SFlight"
        },
        "Mandt": "099",
        "Carrid": "DL",
        "Connid": "0106",
        "Fldate": "\/Date(1465171200000)\/",
        "Price": "611.01",
        "Currency": "USD",
        "Planetype": "DC-10-10",
        "Seatsmax": 380,
        "Seatsocc": 22,
        "Paymentsum": "43760.61",
        "SeatsmaxB": 41,
        "SeatsoccB": 6,
        "SeatsmaxF": 18,
        "SeatsoccF": 3
    },
    {
        "__metadata": {
            "id": "https://COT.RZ.SYS.AOK.DE:44342/sap/opu/odata/sap/ZZ_MAL_GET_FLIGHT_SRV/SFlightSet(Mandt='099',Carrid='DL',Connid='0106',Fldate=datetime'2016-08-15T00%3A00%3A00')",
            "uri": "https://COT.RZ.SYS.AOK.DE:44342/sap/opu/odata/sap/ZZ_MAL_GET_FLIGHT_SRV/SFlightSet(Mandt='099',Carrid='DL',Connid='0106',Fldate=datetime'2016-08-15T00%3A00%3A00')",
            "type": "ZZ_MAL_GET_FLIGHT_SRV.SFlight"
        },
        "Mandt": "099",
        "Carrid": "DL",
        "Connid": "0106",
        "Fldate": "\/Date(1471219200000)\/",
        "Price": "611.01",
        "Currency": "USD",
        "Planetype": "DC-10-10",
        "Seatsmax": 380,
        "Seatsocc": -36,
        "Paymentsum": "0.00",
        "SeatsmaxB": 41,
        "SeatsoccB": 0,
        "SeatsmaxF": 18,
        "SeatsoccF": 0
    },
    {
        "__metadata": {
            "id": "https://COT.RZ.SYS.AOK.DE:44342/sap/opu/odata/sap/ZZ_MAL_GET_FLIGHT_SRV/SFlightSet(Mandt='099',Carrid='JL',Connid='0407',Fldate=datetime'2015-06-26T00%3A00%3A00')",
            "uri": "https://COT.RZ.SYS.AOK.DE:44342/sap/opu/odata/sap/ZZ_MAL_GET_FLIGHT_SRV/SFlightSet(Mandt='099',Carrid='JL',Connid='0407',Fldate=datetime'2015-06-26T00%3A00%3A00')",
            "type": "ZZ_MAL_GET_FLIGHT_SRV.SFlight"
        },
        "Mandt": "099",
        "Carrid": "JL",
        "Connid": "0407",
        "Fldate": "\/Date(1435276800000)\/",
        "Price": "106136",
        "Currency": "JPY",
        "Planetype": "DC-10-10",
        "Seatsmax": 380,
        "Seatsocc": 333,
        "Paymentsum": "48900010",
        "SeatsmaxB": 41,
        "SeatsoccB": 38,
        "SeatsmaxF": 18,
        "SeatsoccF": 18
    },
    {
        "__metadata": {
            "id": "https://COT.RZ.SYS.AOK.DE:44342/sap/opu/odata/sap/ZZ_MAL_GET_FLIGHT_SRV/SFlightSet(Mandt='099',Carrid='JL',Connid='0407',Fldate=datetime'2015-09-04T00%3A00%3A00')",
            "uri": "https://COT.RZ.SYS.AOK.DE:44342/sap/opu/odata/sap/ZZ_MAL_GET_FLIGHT_SRV/SFlightSet(Mandt='099',Carrid='JL',Connid='0407',Fldate=datetime'2015-09-04T00%3A00%3A00')",
            "type": "ZZ_MAL_GET_FLIGHT_SRV.SFlight"
        },
        "Mandt": "099",
        "Carrid": "JL",
        "Connid": "0407",
        "Fldate": "\/Date(1441324800000)\/",
        "Price": "106136",
        "Currency": "JPY",
        "Planetype": "DC-10-10",
        "Seatsmax": 380,
        "Seatsocc": 330,
        "Paymentsum": "48739751",
        "SeatsmaxB": 41,
        "SeatsoccB": 40,
        "SeatsmaxF": 18,
        "SeatsoccF": 17
    },
    {
        "__metadata": {
            "id": "https://COT.RZ.SYS.AOK.DE:44342/sap/opu/odata/sap/ZZ_MAL_GET_FLIGHT_SRV/SFlightSet(Mandt='099',Carrid='JL',Connid='0407',Fldate=datetime'2015-11-13T00%3A00%3A00')",
            "uri": "https://COT.RZ.SYS.AOK.DE:44342/sap/opu/odata/sap/ZZ_MAL_GET_FLIGHT_SRV/SFlightSet(Mandt='099',Carrid='JL',Connid='0407',Fldate=datetime'2015-11-13T00%3A00%3A00')",
            "type": "ZZ_MAL_GET_FLIGHT_SRV.SFlight"
        },
        "Mandt": "099",
        "Carrid": "JL",
        "Connid": "0407",
        "Fldate": "\/Date(1447372800000)\/",
        "Price": "106136",
        "Currency": "JPY",
        "Planetype": "DC-10-10",
        "Seatsmax": 380,
        "Seatsocc": 328,
        "Paymentsum": "48372525",
        "SeatsmaxB": 41,
        "SeatsoccB": 39,
        "SeatsmaxF": 18,
        "SeatsoccF": 17
    },
    {
        "__metadata": {
            "id": "https://COT.RZ.SYS.AOK.DE:44342/sap/opu/odata/sap/ZZ_MAL_GET_FLIGHT_SRV/SFlightSet(Mandt='099',Carrid='JL',Connid='0407',Fldate=datetime'2016-01-22T00%3A00%3A00')",
            "uri": "https://COT.RZ.SYS.AOK.DE:44342/sap/opu/odata/sap/ZZ_MAL_GET_FLIGHT_SRV/SFlightSet(Mandt='099',Carrid='JL',Connid='0407',Fldate=datetime'2016-01-22T00%3A00%3A00')",
            "type": "ZZ_MAL_GET_FLIGHT_SRV.SFlight"
        },
        "Mandt": "099",
        "Carrid": "JL",
        "Connid": "0407",
        "Fldate": "\/Date(1453420800000)\/",
        "Price": "106136",
        "Currency": "JPY",
        "Planetype": "DC-10-10",
        "Seatsmax": 380,
        "Seatsocc": 326,
        "Paymentsum": "48070037",
        "SeatsmaxB": 41,
        "SeatsoccB": 39,
        "SeatsmaxF": 18,
        "SeatsoccF": 17
    },
    {
        "__metadata": {
            "id": "https://COT.RZ.SYS.AOK.DE:44342/sap/opu/odata/sap/ZZ_MAL_GET_FLIGHT_SRV/SFlightSet(Mandt='099',Carrid='JL',Connid='0407',Fldate=datetime'2016-04-01T00%3A00%3A00')",
            "uri": "https://COT.RZ.SYS.AOK.DE:44342/sap/opu/odata/sap/ZZ_MAL_GET_FLIGHT_SRV/SFlightSet(Mandt='099',Carrid='JL',Connid='0407',Fldate=datetime'2016-04-01T00%3A00%3A00')",
            "type": "ZZ_MAL_GET_FLIGHT_SRV.SFlight"
        },
        "Mandt": "099",
        "Carrid": "JL",
        "Connid": "0407",
        "Fldate": "\/Date(1459468800000)\/",
        "Price": "106136",
        "Currency": "JPY",
        "Planetype": "DC-10-10",
        "Seatsmax": 380,
        "Seatsocc": 76,
        "Paymentsum": "14545934",
        "SeatsmaxB": 41,
        "SeatsoccB": 12,
        "SeatsmaxF": 18,
        "SeatsoccF": 4
    },
    {
        "__metadata": {
            "id": "https://COT.RZ.SYS.AOK.DE:44342/sap/opu/odata/sap/ZZ_MAL_GET_FLIGHT_SRV/SFlightSet(Mandt='099',Carrid='JL',Connid='0407',Fldate=datetime'2016-06-10T00%3A00%3A00')",
            "uri": "https://COT.RZ.SYS.AOK.DE:44342/sap/opu/odata/sap/ZZ_MAL_GET_FLIGHT_SRV/SFlightSet(Mandt='099',Carrid='JL',Connid='0407',Fldate=datetime'2016-06-10T00%3A00%3A00')",
            "type": "ZZ_MAL_GET_FLIGHT_SRV.SFlight"
        },
        "Mandt": "099",
        "Carrid": "JL",
        "Connid": "0407",
        "Fldate": "\/Date(1465516800000)\/",
        "Price": "106136",
        "Currency": "JPY",
        "Planetype": "DC-10-10",
        "Seatsmax": 380,
        "Seatsocc": 102,
        "Paymentsum": "18318003",
        "SeatsmaxB": 41,
        "SeatsoccB": 15,
        "SeatsmaxF": 18,
        "SeatsoccF": 6
    },
    {
        "__metadata": {
            "id": "https://COT.RZ.SYS.AOK.DE:44342/sap/opu/odata/sap/ZZ_MAL_GET_FLIGHT_SRV/SFlightSet(Mandt='099',Carrid='JL',Connid='0407',Fldate=datetime'2016-08-19T00%3A00%3A00')",
            "uri": "https://COT.RZ.SYS.AOK.DE:44342/sap/opu/odata/sap/ZZ_MAL_GET_FLIGHT_SRV/SFlightSet(Mandt='099',Carrid='JL',Connid='0407',Fldate=datetime'2016-08-19T00%3A00%3A00')",
            "type": "ZZ_MAL_GET_FLIGHT_SRV.SFlight"
        },
        "Mandt": "099",
        "Carrid": "JL",
        "Connid": "0407",
        "Fldate": "\/Date(1471564800000)\/",
        "Price": "106136",
        "Currency": "JPY",
        "Planetype": "DC-10-10",
        "Seatsmax": 380,
        "Seatsocc": -36,
        "Paymentsum": "0",
        "SeatsmaxB": 41,
        "SeatsoccB": 0,
        "SeatsmaxF": 18,
        "SeatsoccF": 0
    },
    {
        "__metadata": {
            "id": "https://COT.RZ.SYS.AOK.DE:44342/sap/opu/odata/sap/ZZ_MAL_GET_FLIGHT_SRV/SFlightSet(Mandt='099',Carrid='JL',Connid='0408',Fldate=datetime'2015-06-27T00%3A00%3A00')",
            "uri": "https://COT.RZ.SYS.AOK.DE:44342/sap/opu/odata/sap/ZZ_MAL_GET_FLIGHT_SRV/SFlightSet(Mandt='099',Carrid='JL',Connid='0408',Fldate=datetime'2015-06-27T00%3A00%3A00')",
            "type": "ZZ_MAL_GET_FLIGHT_SRV.SFlight"
        },
        "Mandt": "099",
        "Carrid": "JL",
        "Connid": "0408",
        "Fldate": "\/Date(1435363200000)\/",
        "Price": "106136",
        "Currency": "JPY",
        "Planetype": "747-400",
        "Seatsmax": 385,
        "Seatsocc": 338,
        "Paymentsum": "48290798",
        "SeatsmaxB": 31,
        "SeatsoccB": 29,
        "SeatsmaxF": 21,
        "SeatsoccF": 21
    },
    {
        "__metadata": {
            "id": "https://COT.RZ.SYS.AOK.DE:44342/sap/opu/odata/sap/ZZ_MAL_GET_FLIGHT_SRV/SFlightSet(Mandt='099',Carrid='JL',Connid='0408',Fldate=datetime'2015-09-05T00%3A00%3A00')",
            "uri": "https://COT.RZ.SYS.AOK.DE:44342/sap/opu/odata/sap/ZZ_MAL_GET_FLIGHT_SRV/SFlightSet(Mandt='099',Carrid='JL',Connid='0408',Fldate=datetime'2015-09-05T00%3A00%3A00')",
            "type": "ZZ_MAL_GET_FLIGHT_SRV.SFlight"
        },
        "Mandt": "099",
        "Carrid": "JL",
        "Connid": "0408",
        "Fldate": "\/Date(1441411200000)\/",
        "Price": "106136",
        "Currency": "JPY",
        "Planetype": "747-400",
        "Seatsmax": 385,
        "Seatsocc": 335,
        "Paymentsum": "48582666",
        "SeatsmaxB": 31,
        "SeatsoccB": 30,
        "SeatsmaxF": 21,
        "SeatsoccF": 20
    },
    {
        "__metadata": {
            "id": "https://COT.RZ.SYS.AOK.DE:44342/sap/opu/odata/sap/ZZ_MAL_GET_FLIGHT_SRV/SFlightSet(Mandt='099',Carrid='JL',Connid='0408',Fldate=datetime'2015-11-14T00%3A00%3A00')",
            "uri": "https://COT.RZ.SYS.AOK.DE:44342/sap/opu/odata/sap/ZZ_MAL_GET_FLIGHT_SRV/SFlightSet(Mandt='099',Carrid='JL',Connid='0408',Fldate=datetime'2015-11-14T00%3A00%3A00')",
            "type": "ZZ_MAL_GET_FLIGHT_SRV.SFlight"
        },
        "Mandt": "099",
        "Carrid": "JL",
        "Connid": "0408",
        "Fldate": "\/Date(1447459200000)\/",
        "Price": "106136",
        "Currency": "JPY",
        "Planetype": "747-400",
        "Seatsmax": 385,
        "Seatsocc": 329,
        "Paymentsum": "47903402",
        "SeatsmaxB": 31,
        "SeatsoccB": 30,
        "SeatsmaxF": 21,
        "SeatsoccF": 21
    },
    {
        "__metadata": {
            "id": "https://COT.RZ.SYS.AOK.DE:44342/sap/opu/odata/sap/ZZ_MAL_GET_FLIGHT_SRV/SFlightSet(Mandt='099',Carrid='JL',Connid='0408',Fldate=datetime'2016-01-23T00%3A00%3A00')",
            "uri": "https://COT.RZ.SYS.AOK.DE:44342/sap/opu/odata/sap/ZZ_MAL_GET_FLIGHT_SRV/SFlightSet(Mandt='099',Carrid='JL',Connid='0408',Fldate=datetime'2016-01-23T00%3A00%3A00')",
            "type": "ZZ_MAL_GET_FLIGHT_SRV.SFlight"
        },
        "Mandt": "099",
        "Carrid": "JL",
        "Connid": "0408",
        "Fldate": "\/Date(1453507200000)\/",
        "Price": "106136",
        "Currency": "JPY",
        "Planetype": "747-400",
        "Seatsmax": 385,
        "Seatsocc": 337,
        "Paymentsum": "48009533",
        "SeatsmaxB": 31,
        "SeatsoccB": 30,
        "SeatsmaxF": 21,
        "SeatsoccF": 19
    },
    {
        "__metadata": {
            "id": "https://COT.RZ.SYS.AOK.DE:44342/sap/opu/odata/sap/ZZ_MAL_GET_FLIGHT_SRV/SFlightSet(Mandt='099',Carrid='JL',Connid='0408',Fldate=datetime'2016-04-02T00%3A00%3A00')",
            "uri": "https://COT.RZ.SYS.AOK.DE:44342/sap/opu/odata/sap/ZZ_MAL_GET_FLIGHT_SRV/SFlightSet(Mandt='099',Carrid='JL',Connid='0408',Fldate=datetime'2016-04-02T00%3A00%3A00')",
            "type": "ZZ_MAL_GET_FLIGHT_SRV.SFlight"
        },
        "Mandt": "099",
        "Carrid": "JL",
        "Connid": "0408",
        "Fldate": "\/Date(1459555200000)\/",
        "Price": "106136",
        "Currency": "JPY",
        "Planetype": "747-400",
        "Seatsmax": 385,
        "Seatsocc": -28,
        "Paymentsum": "981757",
        "SeatsmaxB": 31,
        "SeatsoccB": 1,
        "SeatsmaxF": 21,
        "SeatsoccF": 0
    },
    {
        "__metadata": {
            "id": "https://COT.RZ.SYS.AOK.DE:44342/sap/opu/odata/sap/ZZ_MAL_GET_FLIGHT_SRV/SFlightSet(Mandt='099',Carrid='JL',Connid='0408',Fldate=datetime'2016-06-11T00%3A00%3A00')",
            "uri": "https://COT.RZ.SYS.AOK.DE:44342/sap/opu/odata/sap/ZZ_MAL_GET_FLIGHT_SRV/SFlightSet(Mandt='099',Carrid='JL',Connid='0408',Fldate=datetime'2016-06-11T00%3A00%3A00')",
            "type": "ZZ_MAL_GET_FLIGHT_SRV.SFlight"
        },
        "Mandt": "099",
        "Carrid": "JL",
        "Connid": "0408",
        "Fldate": "\/Date(1465603200000)\/",
        "Price": "106136",
        "Currency": "JPY",
        "Planetype": "747-400",
        "Seatsmax": 385,
        "Seatsocc": 26,
        "Paymentsum": "7987794",
        "SeatsmaxB": 31,
        "SeatsoccB": 5,
        "SeatsmaxF": 21,
        "SeatsoccF": 3
    },
    {
        "__metadata": {
            "id": "https://COT.RZ.SYS.AOK.DE:44342/sap/opu/odata/sap/ZZ_MAL_GET_FLIGHT_SRV/SFlightSet(Mandt='099',Carrid='JL',Connid='0408',Fldate=datetime'2016-08-20T00%3A00%3A00')",
            "uri": "https://COT.RZ.SYS.AOK.DE:44342/sap/opu/odata/sap/ZZ_MAL_GET_FLIGHT_SRV/SFlightSet(Mandt='099',Carrid='JL',Connid='0408',Fldate=datetime'2016-08-20T00%3A00%3A00')",
            "type": "ZZ_MAL_GET_FLIGHT_SRV.SFlight"
        },
        "Mandt": "099",
        "Carrid": "JL",
        "Connid": "0408",
        "Fldate": "\/Date(1471651200000)\/",
        "Price": "106136",
        "Currency": "JPY",
        "Planetype": "747-400",
        "Seatsmax": 385,
        "Seatsocc": -20,
        "Paymentsum": "2011276",
        "SeatsmaxB": 31,
        "SeatsoccB": 1,
        "SeatsmaxF": 21,
        "SeatsoccF": 1
    },
    {
        "__metadata": {
            "id": "https://COT.RZ.SYS.AOK.DE:44342/sap/opu/odata/sap/ZZ_MAL_GET_FLIGHT_SRV/SFlightSet(Mandt='099',Carrid='LH',Connid='0400',Fldate=datetime'2015-06-27T00%3A00%3A00')",
            "uri": "https://COT.RZ.SYS.AOK.DE:44342/sap/opu/odata/sap/ZZ_MAL_GET_FLIGHT_SRV/SFlightSet(Mandt='099',Carrid='LH',Connid='0400',Fldate=datetime'2015-06-27T00%3A00%3A00')",
            "type": "ZZ_MAL_GET_FLIGHT_SRV.SFlight"
        },
        "Mandt": "099",
        "Carrid": "LH",
        "Connid": "0400",
        "Fldate": "\/Date(1435363200000)\/",
        "Price": "666.00",
        "Currency": "EUR",
        "Planetype": "A310-300",
        "Seatsmax": 280,
        "Seatsocc": 227,
        "Paymentsum": "205900.56",
        "SeatsmaxB": 22,
        "SeatsoccB": 20,
        "SeatsmaxF": 10,
        "SeatsoccF": 10
    },
    {
        "__metadata": {
            "id": "https://COT.RZ.SYS.AOK.DE:44342/sap/opu/odata/sap/ZZ_MAL_GET_FLIGHT_SRV/SFlightSet(Mandt='099',Carrid='LH',Connid='0400',Fldate=datetime'2015-09-05T00%3A00%3A00')",
            "uri": "https://COT.RZ.SYS.AOK.DE:44342/sap/opu/odata/sap/ZZ_MAL_GET_FLIGHT_SRV/SFlightSet(Mandt='099',Carrid='LH',Connid='0400',Fldate=datetime'2015-09-05T00%3A00%3A00')",
            "type": "ZZ_MAL_GET_FLIGHT_SRV.SFlight"
        },
        "Mandt": "099",
        "Carrid": "LH",
        "Connid": "0400",
        "Fldate": "\/Date(1441411200000)\/",
        "Price": "666.00",
        "Currency": "EUR",
        "Planetype": "A310-300",
        "Seatsmax": 280,
        "Seatsocc": 228,
        "Paymentsum": "206892.90",
        "SeatsmaxB": 22,
        "SeatsoccB": 20,
        "SeatsmaxF": 10,
        "SeatsoccF": 10
    },
    {
        "__metadata": {
            "id": "https://COT.RZ.SYS.AOK.DE:44342/sap/opu/odata/sap/ZZ_MAL_GET_FLIGHT_SRV/SFlightSet(Mandt='099',Carrid='LH',Connid='0400',Fldate=datetime'2015-11-14T00%3A00%3A00')",
            "uri": "https://COT.RZ.SYS.AOK.DE:44342/sap/opu/odata/sap/ZZ_MAL_GET_FLIGHT_SRV/SFlightSet(Mandt='099',Carrid='LH',Connid='0400',Fldate=datetime'2015-11-14T00%3A00%3A00')",
            "type": "ZZ_MAL_GET_FLIGHT_SRV.SFlight"
        },
        "Mandt": "099",
        "Carrid": "LH",
        "Connid": "0400",
        "Fldate": "\/Date(1447459200000)\/",
        "Price": "666.00",
        "Currency": "EUR",
        "Planetype": "A310-300",
        "Seatsmax": 280,
        "Seatsocc": 235,
        "Paymentsum": "209809.98",
        "SeatsmaxB": 22,
        "SeatsoccB": 21,
        "SeatsmaxF": 10,
        "SeatsoccF": 9
    },
    {
        "__metadata": {
            "id": "https://COT.RZ.SYS.AOK.DE:44342/sap/opu/odata/sap/ZZ_MAL_GET_FLIGHT_SRV/SFlightSet(Mandt='099',Carrid='LH',Connid='0400',Fldate=datetime'2015-12-28T00%3A00%3A00')",
            "uri": "https://COT.RZ.SYS.AOK.DE:44342/sap/opu/odata/sap/ZZ_MAL_GET_FLIGHT_SRV/SFlightSet(Mandt='099',Carrid='LH',Connid='0400',Fldate=datetime'2015-12-28T00%3A00%3A00')",
            "type": "ZZ_MAL_GET_FLIGHT_SRV.SFlight"
        },
        "Mandt": "099",
        "Carrid": "LH",
        "Connid": "0400",
        "Fldate": "\/Date(1451260800000)\/",
        "Price": "666.00",
        "Currency": "EUR",
        "Planetype": "A310-300",
        "Seatsmax": 280,
        "Seatsocc": 235,
        "Paymentsum": "210469.32",
        "SeatsmaxB": 22,
        "SeatsoccB": 21,
        "SeatsmaxF": 10,
        "SeatsoccF": 10
    },
    {
        "__metadata": {
            "id": "https://COT.RZ.SYS.AOK.DE:44342/sap/opu/odata/sap/ZZ_MAL_GET_FLIGHT_SRV/SFlightSet(Mandt='099',Carrid='LH',Connid='0400',Fldate=datetime'2016-01-28T00%3A00%3A00')",
            "uri": "https://COT.RZ.SYS.AOK.DE:44342/sap/opu/odata/sap/ZZ_MAL_GET_FLIGHT_SRV/SFlightSet(Mandt='099',Carrid='LH',Connid='0400',Fldate=datetime'2016-01-28T00%3A00%3A00')",
            "type": "ZZ_MAL_GET_FLIGHT_SRV.SFlight"
        },
        "Mandt": "099",
        "Carrid": "LH",
        "Connid": "0400",
        "Fldate": "\/Date(1453939200000)\/",
        "Price": "666.00",
        "Currency": "EUR",
        "Planetype": "A310-300",
        "Seatsmax": 280,
        "Seatsocc": 235,
        "Paymentsum": "212360.76",
        "SeatsmaxB": 22,
        "SeatsoccB": 22,
        "SeatsmaxF": 10,
        "SeatsoccF": 10
    },
    {
        "__metadata": {
            "id": "https://COT.RZ.SYS.AOK.DE:44342/sap/opu/odata/sap/ZZ_MAL_GET_FLIGHT_SRV/SFlightSet(Mandt='099',Carrid='LH',Connid='0400',Fldate=datetime'2016-04-02T00%3A00%3A00')",
            "uri": "https://COT.RZ.SYS.AOK.DE:44342/sap/opu/odata/sap/ZZ_MAL_GET_FLIGHT_SRV/SFlightSet(Mandt='099',Carrid='LH',Connid='0400',Fldate=datetime'2016-04-02T00%3A00%3A00')",
            "type": "ZZ_MAL_GET_FLIGHT_SRV.SFlight"
        },
        "Mandt": "099",
        "Carrid": "LH",
        "Connid": "0400",
        "Fldate": "\/Date(1459555200000)\/",
        "Price": "666.00",
        "Currency": "EUR",
        "Planetype": "A310-300",
        "Seatsmax": 280,
        "Seatsocc": 18,
        "Paymentsum": "41731.56",
        "SeatsmaxB": 22,
        "SeatsoccB": 4,
        "SeatsmaxF": 10,
        "SeatsoccF": 2
    },
    {
        "__metadata": {
            "id": "https://COT.RZ.SYS.AOK.DE:44342/sap/opu/odata/sap/ZZ_MAL_GET_FLIGHT_SRV/SFlightSet(Mandt='099',Carrid='LH',Connid='0400',Fldate=datetime'2016-06-11T00%3A00%3A00')",
            "uri": "https://COT.RZ.SYS.AOK.DE:44342/sap/opu/odata/sap/ZZ_MAL_GET_FLIGHT_SRV/SFlightSet(Mandt='099',Carrid='LH',Connid='0400',Fldate=datetime'2016-06-11T00%3A00%3A00')",
            "type": "ZZ_MAL_GET_FLIGHT_SRV.SFlight"
        },
        "Mandt": "099",
        "Carrid": "LH",
        "Connid": "0400",
        "Fldate": "\/Date(1465603200000)\/",
        "Price": "666.00",
        "Currency": "EUR",
        "Planetype": "A310-300",
        "Seatsmax": 280,
        "Seatsocc": 66,
        "Paymentsum": "78175.08",
        "SeatsmaxB": 22,
        "SeatsoccB": 7,
        "SeatsmaxF": 10,
        "SeatsoccF": 4
    },
    {
        "__metadata": {
            "id": "https://COT.RZ.SYS.AOK.DE:44342/sap/opu/odata/sap/ZZ_MAL_GET_FLIGHT_SRV/SFlightSet(Mandt='099',Carrid='LH',Connid='0400',Fldate=datetime'2016-08-20T00%3A00%3A00')",
            "uri": "https://COT.RZ.SYS.AOK.DE:44342/sap/opu/odata/sap/ZZ_MAL_GET_FLIGHT_SRV/SFlightSet(Mandt='099',Carrid='LH',Connid='0400',Fldate=datetime'2016-08-20T00%3A00%3A00')",
            "type": "ZZ_MAL_GET_FLIGHT_SRV.SFlight"
        },
        "Mandt": "099",
        "Carrid": "LH",
        "Connid": "0400",
        "Fldate": "\/Date(1471651200000)\/",
        "Price": "666.00",
        "Currency": "EUR",
        "Planetype": "A310-300",
        "Seatsmax": 280,
        "Seatsocc": -26,
        "Paymentsum": "7525.80",
        "SeatsmaxB": 22,
        "SeatsoccB": 1,
        "SeatsmaxF": 10,
        "SeatsoccF": 0
    },
    {
        "__metadata": {
            "id": "https://COT.RZ.SYS.AOK.DE:44342/sap/opu/odata/sap/ZZ_MAL_GET_FLIGHT_SRV/SFlightSet(Mandt='099',Carrid='LH',Connid='0401',Fldate=datetime'2015-06-26T00%3A00%3A00')",
            "uri": "https://COT.RZ.SYS.AOK.DE:44342/sap/opu/odata/sap/ZZ_MAL_GET_FLIGHT_SRV/SFlightSet(Mandt='099',Carrid='LH',Connid='0401',Fldate=datetime'2015-06-26T00%3A00%3A00')",
            "type": "ZZ_MAL_GET_FLIGHT_SRV.SFlight"
        },
        "Mandt": "099",
        "Carrid": "LH",
        "Connid": "0401",
        "Fldate": "\/Date(1435276800000)\/",
        "Price": "666.00",
        "Currency": "EUR",
        "Planetype": "A319",
        "Seatsmax": 220,
        "Seatsocc": 173,
        "Paymentsum": "172793.70",
        "SeatsmaxB": 22,
        "SeatsoccB": 21,
        "SeatsmaxF": 10,
        "SeatsoccF": 10
    },
    {
        "__metadata": {
            "id": "https://COT.RZ.SYS.AOK.DE:44342/sap/opu/odata/sap/ZZ_MAL_GET_FLIGHT_SRV/SFlightSet(Mandt='099',Carrid='LH',Connid='0401',Fldate=datetime'2015-09-04T00%3A00%3A00')",
            "uri": "https://COT.RZ.SYS.AOK.DE:44342/sap/opu/odata/sap/ZZ_MAL_GET_FLIGHT_SRV/SFlightSet(Mandt='099',Carrid='LH',Connid='0401',Fldate=datetime'2015-09-04T00%3A00%3A00')",
            "type": "ZZ_MAL_GET_FLIGHT_SRV.SFlight"
        },
        "Mandt": "099",
        "Carrid": "LH",
        "Connid": "0401",
        "Fldate": "\/Date(1441324800000)\/",
        "Price": "666.00",
        "Currency": "EUR",
        "Planetype": "A319",
        "Seatsmax": 220,
        "Seatsocc": 178,
        "Paymentsum": "173739.42",
        "SeatsmaxB": 22,
        "SeatsoccB": 21,
        "SeatsmaxF": 10,
        "SeatsoccF": 9
    },
    {
        "__metadata": {
            "id": "https://COT.RZ.SYS.AOK.DE:44342/sap/opu/odata/sap/ZZ_MAL_GET_FLIGHT_SRV/SFlightSet(Mandt='099',Carrid='LH',Connid='0401',Fldate=datetime'2015-11-13T00%3A00%3A00')",
            "uri": "https://COT.RZ.SYS.AOK.DE:44342/sap/opu/odata/sap/ZZ_MAL_GET_FLIGHT_SRV/SFlightSet(Mandt='099',Carrid='LH',Connid='0401',Fldate=datetime'2015-11-13T00%3A00%3A00')",
            "type": "ZZ_MAL_GET_FLIGHT_SRV.SFlight"
        },
        "Mandt": "099",
        "Carrid": "LH",
        "Connid": "0401",
        "Fldate": "\/Date(1447372800000)\/",
        "Price": "666.00",
        "Currency": "EUR",
        "Planetype": "A319",
        "Seatsmax": 220,
        "Seatsocc": 177,
        "Paymentsum": "174984.84",
        "SeatsmaxB": 22,
        "SeatsoccB": 22,
        "SeatsmaxF": 10,
        "SeatsoccF": 9
    },
    {
        "__metadata": {
            "id": "https://COT.RZ.SYS.AOK.DE:44342/sap/opu/odata/sap/ZZ_MAL_GET_FLIGHT_SRV/SFlightSet(Mandt='099',Carrid='LH',Connid='0401',Fldate=datetime'2015-12-28T00%3A00%3A00')",
            "uri": "https://COT.RZ.SYS.AOK.DE:44342/sap/opu/odata/sap/ZZ_MAL_GET_FLIGHT_SRV/SFlightSet(Mandt='099',Carrid='LH',Connid='0401',Fldate=datetime'2015-12-28T00%3A00%3A00')",
            "type": "ZZ_MAL_GET_FLIGHT_SRV.SFlight"
        },
        "Mandt": "099",
        "Carrid": "LH",
        "Connid": "0401",
        "Fldate": "\/Date(1451260800000)\/",
        "Price": "666.00",
        "Currency": "EUR",
        "Planetype": "A319",
        "Seatsmax": 220,
        "Seatsocc": 177,
        "Paymentsum": "176316.84",
        "SeatsmaxB": 22,
        "SeatsoccB": 21,
        "SeatsmaxF": 10,
        "SeatsoccF": 10
    },
    {
        "__metadata": {
            "id": "https://COT.RZ.SYS.AOK.DE:44342/sap/opu/odata/sap/ZZ_MAL_GET_FLIGHT_SRV/SFlightSet(Mandt='099',Carrid='LH',Connid='0401',Fldate=datetime'2016-01-22T00%3A00%3A00')",
            "uri": "https://COT.RZ.SYS.AOK.DE:44342/sap/opu/odata/sap/ZZ_MAL_GET_FLIGHT_SRV/SFlightSet(Mandt='099',Carrid='LH',Connid='0401',Fldate=datetime'2016-01-22T00%3A00%3A00')",
            "type": "ZZ_MAL_GET_FLIGHT_SRV.SFlight"
        },
        "Mandt": "099",
        "Carrid": "LH",
        "Connid": "0401",
        "Fldate": "\/Date(1453420800000)\/",
        "Price": "666.00",
        "Currency": "EUR",
        "Planetype": "A319",
        "Seatsmax": 220,
        "Seatsocc": 177,
        "Paymentsum": "174005.82",
        "SeatsmaxB": 22,
        "SeatsoccB": 22,
        "SeatsmaxF": 10,
        "SeatsoccF": 9
    },
    {
        "__metadata": {
            "id": "https://COT.RZ.SYS.AOK.DE:44342/sap/opu/odata/sap/ZZ_MAL_GET_FLIGHT_SRV/SFlightSet(Mandt='099',Carrid='LH',Connid='0401',Fldate=datetime'2016-01-28T00%3A00%3A00')",
            "uri": "https://COT.RZ.SYS.AOK.DE:44342/sap/opu/odata/sap/ZZ_MAL_GET_FLIGHT_SRV/SFlightSet(Mandt='099',Carrid='LH',Connid='0401',Fldate=datetime'2016-01-28T00%3A00%3A00')",
            "type": "ZZ_MAL_GET_FLIGHT_SRV.SFlight"
        },
        "Mandt": "099",
        "Carrid": "LH",
        "Connid": "0401",
        "Fldate": "\/Date(1453939200000)\/",
        "Price": "666.00",
        "Currency": "EUR",
        "Planetype": "A319",
        "Seatsmax": 220,
        "Seatsocc": 176,
        "Paymentsum": "174578.58",
        "SeatsmaxB": 22,
        "SeatsoccB": 22,
        "SeatsmaxF": 10,
        "SeatsoccF": 9
    },
    {
        "__metadata": {
            "id": "https://COT.RZ.SYS.AOK.DE:44342/sap/opu/odata/sap/ZZ_MAL_GET_FLIGHT_SRV/SFlightSet(Mandt='099',Carrid='LH',Connid='0401',Fldate=datetime'2016-04-01T00%3A00%3A00')",
            "uri": "https://COT.RZ.SYS.AOK.DE:44342/sap/opu/odata/sap/ZZ_MAL_GET_FLIGHT_SRV/SFlightSet(Mandt='099',Carrid='LH',Connid='0401',Fldate=datetime'2016-04-01T00%3A00%3A00')",
            "type": "ZZ_MAL_GET_FLIGHT_SRV.SFlight"
        },
        "Mandt": "099",
        "Carrid": "LH",
        "Connid": "0401",
        "Fldate": "\/Date(1459468800000)\/",
        "Price": "666.00",
        "Currency": "EUR",
        "Planetype": "A319",
        "Seatsmax": 220,
        "Seatsocc": 61,
        "Paymentsum": "81664.92",
        "SeatsmaxB": 22,
        "SeatsoccB": 10,
        "SeatsmaxF": 10,
        "SeatsoccF": 5
    },
    {
        "__metadata": {
            "id": "https://COT.RZ.SYS.AOK.DE:44342/sap/opu/odata/sap/ZZ_MAL_GET_FLIGHT_SRV/SFlightSet(Mandt='099',Carrid='LH',Connid='0401',Fldate=datetime'2016-06-10T00%3A00%3A00')",
            "uri": "https://COT.RZ.SYS.AOK.DE:44342/sap/opu/odata/sap/ZZ_MAL_GET_FLIGHT_SRV/SFlightSet(Mandt='099',Carrid='LH',Connid='0401',Fldate=datetime'2016-06-10T00%3A00%3A00')",
            "type": "ZZ_MAL_GET_FLIGHT_SRV.SFlight"
        },
        "Mandt": "099",
        "Carrid": "LH",
        "Connid": "0401",
        "Fldate": "\/Date(1465516800000)\/",
        "Price": "666.00",
        "Currency": "EUR",
        "Planetype": "A319",
        "Seatsmax": 220,
        "Seatsocc": 34,
        "Paymentsum": "56643.30",
        "SeatsmaxB": 22,
        "SeatsoccB": 7,
        "SeatsmaxF": 10,
        "SeatsoccF": 3
    },
    {
        "__metadata": {
            "id": "https://COT.RZ.SYS.AOK.DE:44342/sap/opu/odata/sap/ZZ_MAL_GET_FLIGHT_SRV/SFlightSet(Mandt='099',Carrid='LH',Connid='0401',Fldate=datetime'2016-08-19T00%3A00%3A00')",
            "uri": "https://COT.RZ.SYS.AOK.DE:44342/sap/opu/odata/sap/ZZ_MAL_GET_FLIGHT_SRV/SFlightSet(Mandt='099',Carrid='LH',Connid='0401',Fldate=datetime'2016-08-19T00%3A00%3A00')",
            "type": "ZZ_MAL_GET_FLIGHT_SRV.SFlight"
        },
        "Mandt": "099",
        "Carrid": "LH",
        "Connid": "0401",
        "Fldate": "\/Date(1471564800000)\/",
        "Price": "666.00",
        "Currency": "EUR",
        "Planetype": "A319",
        "Seatsmax": 220,
        "Seatsocc": -34,
        "Paymentsum": "1232.10",
        "SeatsmaxB": 22,
        "SeatsoccB": 0,
        "SeatsmaxF": 10,
        "SeatsoccF": 0
    },
    {
        "__metadata": {
            "id": "https://COT.RZ.SYS.AOK.DE:44342/sap/opu/odata/sap/ZZ_MAL_GET_FLIGHT_SRV/SFlightSet(Mandt='099',Carrid='LH',Connid='0402',Fldate=datetime'2015-06-22T00%3A00%3A00')",
            "uri": "https://COT.RZ.SYS.AOK.DE:44342/sap/opu/odata/sap/ZZ_MAL_GET_FLIGHT_SRV/SFlightSet(Mandt='099',Carrid='LH',Connid='0402',Fldate=datetime'2015-06-22T00%3A00%3A00')",
            "type": "ZZ_MAL_GET_FLIGHT_SRV.SFlight"
        },
        "Mandt": "099",
        "Carrid": "LH",
        "Connid": "0402",
        "Fldate": "\/Date(1434931200000)\/",
        "Price": "666.00",
        "Currency": "EUR",
        "Planetype": "DC-10-10",
        "Seatsmax": 380,
        "Seatsocc": 334,
        "Paymentsum": "308064.96",
        "SeatsmaxB": 41,
        "SeatsoccB": 39,
        "SeatsmaxF": 18,
        "SeatsoccF": 18
    },
    {
        "__metadata": {
            "id": "https://COT.RZ.SYS.AOK.DE:44342/sap/opu/odata/sap/ZZ_MAL_GET_FLIGHT_SRV/SFlightSet(Mandt='099',Carrid='LH',Connid='0402',Fldate=datetime'2015-08-31T00%3A00%3A00')",
            "uri": "https://COT.RZ.SYS.AOK.DE:44342/sap/opu/odata/sap/ZZ_MAL_GET_FLIGHT_SRV/SFlightSet(Mandt='099',Carrid='LH',Connid='0402',Fldate=datetime'2015-08-31T00%3A00%3A00')",
            "type": "ZZ_MAL_GET_FLIGHT_SRV.SFlight"
        },
        "Mandt": "099",
        "Carrid": "LH",
        "Connid": "0402",
        "Fldate": "\/Date(1440979200000)\/",
        "Price": "666.00",
        "Currency": "EUR",
        "Planetype": "DC-10-10",
        "Seatsmax": 380,
        "Seatsocc": 330,
        "Paymentsum": "305773.92",
        "SeatsmaxB": 41,
        "SeatsoccB": 39,
        "SeatsmaxF": 18,
        "SeatsoccF": 18
    },
    {
        "__metadata": {
            "id": "https://COT.RZ.SYS.AOK.DE:44342/sap/opu/odata/sap/ZZ_MAL_GET_FLIGHT_SRV/SFlightSet(Mandt='099',Carrid='LH',Connid='0402',Fldate=datetime'2015-11-09T00%3A00%3A00')",
            "uri": "https://COT.RZ.SYS.AOK.DE:44342/sap/opu/odata/sap/ZZ_MAL_GET_FLIGHT_SRV/SFlightSet(Mandt='099',Carrid='LH',Connid='0402',Fldate=datetime'2015-11-09T00%3A00%3A00')",
            "type": "ZZ_MAL_GET_FLIGHT_SRV.SFlight"
        },
        "Mandt": "099",
        "Carrid": "LH",
        "Connid": "0402",
        "Fldate": "\/Date(1447027200000)\/",
        "Price": "666.00",
        "Currency": "EUR",
        "Planetype": "DC-10-10",
        "Seatsmax": 380,
        "Seatsocc": 332,
        "Paymentsum": "310522.50",
        "SeatsmaxB": 41,
        "SeatsoccB": 40,
        "SeatsmaxF": 18,
        "SeatsoccF": 18
    },
    {
        "__metadata": {
            "id": "https://COT.RZ.SYS.AOK.DE:44342/sap/opu/odata/sap/ZZ_MAL_GET_FLIGHT_SRV/SFlightSet(Mandt='099',Carrid='LH',Connid='0402',Fldate=datetime'2015-12-28T00%3A00%3A00')",
            "uri": "https://COT.RZ.SYS.AOK.DE:44342/sap/opu/odata/sap/ZZ_MAL_GET_FLIGHT_SRV/SFlightSet(Mandt='099',Carrid='LH',Connid='0402',Fldate=datetime'2015-12-28T00%3A00%3A00')",
            "type": "ZZ_MAL_GET_FLIGHT_SRV.SFlight"
        },
        "Mandt": "099",
        "Carrid": "LH",
        "Connid": "0402",
        "Fldate": "\/Date(1451260800000)\/",
        "Price": "666.00",
        "Currency": "EUR",
        "Planetype": "DC-10-10",
        "Seatsmax": 380,
        "Seatsocc": 331,
        "Paymentsum": "305640.72",
        "SeatsmaxB": 41,
        "SeatsoccB": 40,
        "SeatsmaxF": 18,
        "SeatsoccF": 17
    },
    {
        "__metadata": {
            "id": "https://COT.RZ.SYS.AOK.DE:44342/sap/opu/odata/sap/ZZ_MAL_GET_FLIGHT_SRV/SFlightSet(Mandt='099',Carrid='LH',Connid='0402',Fldate=datetime'2016-01-18T00%3A00%3A00')",
            "uri": "https://COT.RZ.SYS.AOK.DE:44342/sap/opu/odata/sap/ZZ_MAL_GET_FLIGHT_SRV/SFlightSet(Mandt='099',Carrid='LH',Connid='0402',Fldate=datetime'2016-01-18T00%3A00%3A00')",
            "type": "ZZ_MAL_GET_FLIGHT_SRV.SFlight"
        },
        "Mandt": "099",
        "Carrid": "LH",
        "Connid": "0402",
        "Fldate": "\/Date(1453075200000)\/",
        "Price": "666.00",
        "Currency": "EUR",
        "Planetype": "DC-10-10",
        "Seatsmax": 380,
        "Seatsocc": 326,
        "Paymentsum": "305314.38",
        "SeatsmaxB": 41,
        "SeatsoccB": 40,
        "SeatsmaxF": 18,
        "SeatsoccF": 18
    },
    {
        "__metadata": {
            "id": "https://COT.RZ.SYS.AOK.DE:44342/sap/opu/odata/sap/ZZ_MAL_GET_FLIGHT_SRV/SFlightSet(Mandt='099',Carrid='LH',Connid='0402',Fldate=datetime'2016-01-28T00%3A00%3A00')",
            "uri": "https://COT.RZ.SYS.AOK.DE:44342/sap/opu/odata/sap/ZZ_MAL_GET_FLIGHT_SRV/SFlightSet(Mandt='099',Carrid='LH',Connid='0402',Fldate=datetime'2016-01-28T00%3A00%3A00')",
            "type": "ZZ_MAL_GET_FLIGHT_SRV.SFlight"
        },
        "Mandt": "099",
        "Carrid": "LH",
        "Connid": "0402",
        "Fldate": "\/Date(1453939200000)\/",
        "Price": "666.00",
        "Currency": "EUR",
        "Planetype": "DC-10-10",
        "Seatsmax": 380,
        "Seatsocc": 330,
        "Paymentsum": "305021.34",
        "SeatsmaxB": 41,
        "SeatsoccB": 39,
        "SeatsmaxF": 18,
        "SeatsoccF": 17
    },
    {
        "__metadata": {
            "id": "https://COT.RZ.SYS.AOK.DE:44342/sap/opu/odata/sap/ZZ_MAL_GET_FLIGHT_SRV/SFlightSet(Mandt='099',Carrid='LH',Connid='0402',Fldate=datetime'2016-03-28T00%3A00%3A00')",
            "uri": "https://COT.RZ.SYS.AOK.DE:44342/sap/opu/odata/sap/ZZ_MAL_GET_FLIGHT_SRV/SFlightSet(Mandt='099',Carrid='LH',Connid='0402',Fldate=datetime'2016-03-28T00%3A00%3A00')",
            "type": "ZZ_MAL_GET_FLIGHT_SRV.SFlight"
        },
        "Mandt": "099",
        "Carrid": "LH",
        "Connid": "0402",
        "Fldate": "\/Date(1459123200000)\/",
        "Price": "666.00",
        "Currency": "EUR",
        "Planetype": "DC-10-10",
        "Seatsmax": 380,
        "Seatsocc": 189,
        "Paymentsum": "191195.28",
        "SeatsmaxB": 41,
        "SeatsoccB": 25,
        "SeatsmaxF": 18,
        "SeatsoccF": 11
    },
    {
        "__metadata": {
            "id": "https://COT.RZ.SYS.AOK.DE:44342/sap/opu/odata/sap/ZZ_MAL_GET_FLIGHT_SRV/SFlightSet(Mandt='099',Carrid='LH',Connid='0402',Fldate=datetime'2016-06-06T00%3A00%3A00')",
            "uri": "https://COT.RZ.SYS.AOK.DE:44342/sap/opu/odata/sap/ZZ_MAL_GET_FLIGHT_SRV/SFlightSet(Mandt='099',Carrid='LH',Connid='0402',Fldate=datetime'2016-06-06T00%3A00%3A00')",
            "type": "ZZ_MAL_GET_FLIGHT_SRV.SFlight"
        },
        "Mandt": "099",
        "Carrid": "LH",
        "Connid": "0402",
        "Fldate": "\/Date(1465171200000)\/",
        "Price": "666.00",
        "Currency": "EUR",
        "Planetype": "DC-10-10",
        "Seatsmax": 380,
        "Seatsocc": 36,
        "Paymentsum": "61744.86",
        "SeatsmaxB": 41,
        "SeatsoccB": 8,
        "SeatsmaxF": 18,
        "SeatsoccF": 4
    },
    {
        "__metadata": {
            "id": "https://COT.RZ.SYS.AOK.DE:44342/sap/opu/odata/sap/ZZ_MAL_GET_FLIGHT_SRV/SFlightSet(Mandt='099',Carrid='LH',Connid='0402',Fldate=datetime'2016-08-15T00%3A00%3A00')",
            "uri": "https://COT.RZ.SYS.AOK.DE:44342/sap/opu/odata/sap/ZZ_MAL_GET_FLIGHT_SRV/SFlightSet(Mandt='099',Carrid='LH',Connid='0402',Fldate=datetime'2016-08-15T00%3A00%3A00')",
            "type": "ZZ_MAL_GET_FLIGHT_SRV.SFlight"
        },
        "Mandt": "099",
        "Carrid": "LH",
        "Connid": "0402",
        "Fldate": "\/Date(1471219200000)\/",
        "Price": "666.00",
        "Currency": "EUR",
        "Planetype": "DC-10-10",
        "Seatsmax": 380,
        "Seatsocc": -36,
        "Paymentsum": "0.00",
        "SeatsmaxB": 41,
        "SeatsoccB": 0,
        "SeatsmaxF": 18,
        "SeatsoccF": 0
    },
    {
        "__metadata": {
            "id": "https://COT.RZ.SYS.AOK.DE:44342/sap/opu/odata/sap/ZZ_MAL_GET_FLIGHT_SRV/SFlightSet(Mandt='099',Carrid='LH',Connid='2402',Fldate=datetime'2015-06-27T00%3A00%3A00')",
            "uri": "https://COT.RZ.SYS.AOK.DE:44342/sap/opu/odata/sap/ZZ_MAL_GET_FLIGHT_SRV/SFlightSet(Mandt='099',Carrid='LH',Connid='2402',Fldate=datetime'2015-06-27T00%3A00%3A00')",
            "type": "ZZ_MAL_GET_FLIGHT_SRV.SFlight"
        },
        "Mandt": "099",
        "Carrid": "LH",
        "Connid": "2402",
        "Fldate": "\/Date(1435363200000)\/",
        "Price": "242.00",
        "Currency": "EUR",
        "Planetype": "DC-10-10",
        "Seatsmax": 380,
        "Seatsocc": 329,
        "Paymentsum": "111395.02",
        "SeatsmaxB": 41,
        "SeatsoccB": 40,
        "SeatsmaxF": 18,
        "SeatsoccF": 17
    },
    {
        "__metadata": {
            "id": "https://COT.RZ.SYS.AOK.DE:44342/sap/opu/odata/sap/ZZ_MAL_GET_FLIGHT_SRV/SFlightSet(Mandt='099',Carrid='LH',Connid='2402',Fldate=datetime'2015-09-05T00%3A00%3A00')",
            "uri": "https://COT.RZ.SYS.AOK.DE:44342/sap/opu/odata/sap/ZZ_MAL_GET_FLIGHT_SRV/SFlightSet(Mandt='099',Carrid='LH',Connid='2402',Fldate=datetime'2015-09-05T00%3A00%3A00')",
            "type": "ZZ_MAL_GET_FLIGHT_SRV.SFlight"
        },
        "Mandt": "099",
        "Carrid": "LH",
        "Connid": "2402",
        "Fldate": "\/Date(1441411200000)\/",
        "Price": "242.00",
        "Currency": "EUR",
        "Planetype": "DC-10-10",
        "Seatsmax": 380,
        "Seatsocc": 332,
        "Paymentsum": "112941.40",
        "SeatsmaxB": 41,
        "SeatsoccB": 41,
        "SeatsmaxF": 18,
        "SeatsoccF": 18
    },
    {
        "__metadata": {
            "id": "https://COT.RZ.SYS.AOK.DE:44342/sap/opu/odata/sap/ZZ_MAL_GET_FLIGHT_SRV/SFlightSet(Mandt='099',Carrid='LH',Connid='2402',Fldate=datetime'2015-11-14T00%3A00%3A00')",
            "uri": "https://COT.RZ.SYS.AOK.DE:44342/sap/opu/odata/sap/ZZ_MAL_GET_FLIGHT_SRV/SFlightSet(Mandt='099',Carrid='LH',Connid='2402',Fldate=datetime'2015-11-14T00%3A00%3A00')",
            "type": "ZZ_MAL_GET_FLIGHT_SRV.SFlight"
        },
        "Mandt": "099",
        "Carrid": "LH",
        "Connid": "2402",
        "Fldate": "\/Date(1447459200000)\/",
        "Price": "242.00",
        "Currency": "EUR",
        "Planetype": "DC-10-10",
        "Seatsmax": 380,
        "Seatsocc": 332,
        "Paymentsum": "111295.80",
        "SeatsmaxB": 41,
        "SeatsoccB": 40,
        "SeatsmaxF": 18,
        "SeatsoccF": 16
    },
    {
        "__metadata": {
            "id": "https://COT.RZ.SYS.AOK.DE:44342/sap/opu/odata/sap/ZZ_MAL_GET_FLIGHT_SRV/SFlightSet(Mandt='099',Carrid='LH',Connid='2402',Fldate=datetime'2015-12-28T00%3A00%3A00')",
            "uri": "https://COT.RZ.SYS.AOK.DE:44342/sap/opu/odata/sap/ZZ_MAL_GET_FLIGHT_SRV/SFlightSet(Mandt='099',Carrid='LH',Connid='2402',Fldate=datetime'2015-12-28T00%3A00%3A00')",
            "type": "ZZ_MAL_GET_FLIGHT_SRV.SFlight"
        },
        "Mandt": "099",
        "Carrid": "LH",
        "Connid": "2402",
        "Fldate": "\/Date(1451260800000)\/",
        "Price": "242.00",
        "Currency": "EUR",
        "Planetype": "DC-10-10",
        "Seatsmax": 380,
        "Seatsocc": 332,
        "Paymentsum": "112542.10",
        "SeatsmaxB": 41,
        "SeatsoccB": 41,
        "SeatsmaxF": 18,
        "SeatsoccF": 17
    },
    {
        "__metadata": {
            "id": "https://COT.RZ.SYS.AOK.DE:44342/sap/opu/odata/sap/ZZ_MAL_GET_FLIGHT_SRV/SFlightSet(Mandt='099',Carrid='LH',Connid='2402',Fldate=datetime'2016-01-23T00%3A00%3A00')",
            "uri": "https://COT.RZ.SYS.AOK.DE:44342/sap/opu/odata/sap/ZZ_MAL_GET_FLIGHT_SRV/SFlightSet(Mandt='099',Carrid='LH',Connid='2402',Fldate=datetime'2016-01-23T00%3A00%3A00')",
            "type": "ZZ_MAL_GET_FLIGHT_SRV.SFlight"
        },
        "Mandt": "099",
        "Carrid": "LH",
        "Connid": "2402",
        "Fldate": "\/Date(1453507200000)\/",
        "Price": "242.00",
        "Currency": "EUR",
        "Planetype": "DC-10-10",
        "Seatsmax": 380,
        "Seatsocc": 333,
        "Paymentsum": "111833.04",
        "SeatsmaxB": 41,
        "SeatsoccB": 38,
        "SeatsmaxF": 18,
        "SeatsoccF": 18
    },
    {
        "__metadata": {
            "id": "https://COT.RZ.SYS.AOK.DE:44342/sap/opu/odata/sap/ZZ_MAL_GET_FLIGHT_SRV/SFlightSet(Mandt='099',Carrid='LH',Connid='2402',Fldate=datetime'2016-01-28T00%3A00%3A00')",
            "uri": "https://COT.RZ.SYS.AOK.DE:44342/sap/opu/odata/sap/ZZ_MAL_GET_FLIGHT_SRV/SFlightSet(Mandt='099',Carrid='LH',Connid='2402',Fldate=datetime'2016-01-28T00%3A00%3A00')",
            "type": "ZZ_MAL_GET_FLIGHT_SRV.SFlight"
        },
        "Mandt": "099",
        "Carrid": "LH",
        "Connid": "2402",
        "Fldate": "\/Date(1453939200000)\/",
        "Price": "242.00",
        "Currency": "EUR",
        "Planetype": "DC-10-10",
        "Seatsmax": 380,
        "Seatsocc": 330,
        "Paymentsum": "111344.20",
        "SeatsmaxB": 41,
        "SeatsoccB": 40,
        "SeatsmaxF": 18,
        "SeatsoccF": 17
    },
    {
        "__metadata": {
            "id": "https://COT.RZ.SYS.AOK.DE:44342/sap/opu/odata/sap/ZZ_MAL_GET_FLIGHT_SRV/SFlightSet(Mandt='099',Carrid='LH',Connid='2402',Fldate=datetime'2016-04-02T00%3A00%3A00')",
            "uri": "https://COT.RZ.SYS.AOK.DE:44342/sap/opu/odata/sap/ZZ_MAL_GET_FLIGHT_SRV/SFlightSet(Mandt='099',Carrid='LH',Connid='2402',Fldate=datetime'2016-04-02T00%3A00%3A00')",
            "type": "ZZ_MAL_GET_FLIGHT_SRV.SFlight"
        },
        "Mandt": "099",
        "Carrid": "LH",
        "Connid": "2402",
        "Fldate": "\/Date(1459555200000)\/",
        "Price": "242.00",
        "Currency": "EUR",
        "Planetype": "DC-10-10",
        "Seatsmax": 380,
        "Seatsocc": 23,
        "Paymentsum": "18382.32",
        "SeatsmaxB": 41,
        "SeatsoccB": 7,
        "SeatsmaxF": 18,
        "SeatsoccF": 3
    },
    {
        "__metadata": {
            "id": "https://COT.RZ.SYS.AOK.DE:44342/sap/opu/odata/sap/ZZ_MAL_GET_FLIGHT_SRV/SFlightSet(Mandt='099',Carrid='LH',Connid='2402',Fldate=datetime'2016-06-11T00%3A00%3A00')",
            "uri": "https://COT.RZ.SYS.AOK.DE:44342/sap/opu/odata/sap/ZZ_MAL_GET_FLIGHT_SRV/SFlightSet(Mandt='099',Carrid='LH',Connid='2402',Fldate=datetime'2016-06-11T00%3A00%3A00')",
            "type": "ZZ_MAL_GET_FLIGHT_SRV.SFlight"
        },
        "Mandt": "099",
        "Carrid": "LH",
        "Connid": "2402",
        "Fldate": "\/Date(1465603200000)\/",
        "Price": "242.00",
        "Currency": "EUR",
        "Planetype": "DC-10-10",
        "Seatsmax": 380,
        "Seatsocc": -21,
        "Paymentsum": "4864.20",
        "SeatsmaxB": 41,
        "SeatsoccB": 2,
        "SeatsmaxF": 18,
        "SeatsoccF": 1
    },
    {
        "__metadata": {
            "id": "https://COT.RZ.SYS.AOK.DE:44342/sap/opu/odata/sap/ZZ_MAL_GET_FLIGHT_SRV/SFlightSet(Mandt='099',Carrid='LH',Connid='2402',Fldate=datetime'2016-08-20T00%3A00%3A00')",
            "uri": "https://COT.RZ.SYS.AOK.DE:44342/sap/opu/odata/sap/ZZ_MAL_GET_FLIGHT_SRV/SFlightSet(Mandt='099',Carrid='LH',Connid='2402',Fldate=datetime'2016-08-20T00%3A00%3A00')",
            "type": "ZZ_MAL_GET_FLIGHT_SRV.SFlight"
        },
        "Mandt": "099",
        "Carrid": "LH",
        "Connid": "2402",
        "Fldate": "\/Date(1471651200000)\/",
        "Price": "242.00",
        "Currency": "EUR",
        "Planetype": "DC-10-10",
        "Seatsmax": 380,
        "Seatsocc": -10,
        "Paymentsum": "7840.80",
        "SeatsmaxB": 41,
        "SeatsoccB": 3,
        "SeatsmaxF": 18,
        "SeatsoccF": 1
    },
    {
        "__metadata": {
            "id": "https://COT.RZ.SYS.AOK.DE:44342/sap/opu/odata/sap/ZZ_MAL_GET_FLIGHT_SRV/SFlightSet(Mandt='099',Carrid='QF',Connid='0005',Fldate=datetime'2015-06-26T00%3A00%3A00')",
            "uri": "https://COT.RZ.SYS.AOK.DE:44342/sap/opu/odata/sap/ZZ_MAL_GET_FLIGHT_SRV/SFlightSet(Mandt='099',Carrid='QF',Connid='0005',Fldate=datetime'2015-06-26T00%3A00%3A00')",
            "type": "ZZ_MAL_GET_FLIGHT_SRV.SFlight"
        },
        "Mandt": "099",
        "Carrid": "QF",
        "Connid": "0005",
        "Fldate": "\/Date(1435276800000)\/",
        "Price": "788.64",
        "Currency": "AUD",
        "Planetype": "747-400",
        "Seatsmax": 385,
        "Seatsocc": 336,
        "Paymentsum": "358910.36",
        "SeatsmaxB": 31,
        "SeatsoccB": 30,
        "SeatsmaxF": 21,
        "SeatsoccF": 20
    },
    {
        "__metadata": {
            "id": "https://COT.RZ.SYS.AOK.DE:44342/sap/opu/odata/sap/ZZ_MAL_GET_FLIGHT_SRV/SFlightSet(Mandt='099',Carrid='QF',Connid='0005',Fldate=datetime'2015-09-04T00%3A00%3A00')",
            "uri": "https://COT.RZ.SYS.AOK.DE:44342/sap/opu/odata/sap/ZZ_MAL_GET_FLIGHT_SRV/SFlightSet(Mandt='099',Carrid='QF',Connid='0005',Fldate=datetime'2015-09-04T00%3A00%3A00')",
            "type": "ZZ_MAL_GET_FLIGHT_SRV.SFlight"
        },
        "Mandt": "099",
        "Carrid": "QF",
        "Connid": "0005",
        "Fldate": "\/Date(1441324800000)\/",
        "Price": "788.64",
        "Currency": "AUD",
        "Planetype": "747-400",
        "Seatsmax": 385,
        "Seatsocc": 335,
        "Paymentsum": "356820.47",
        "SeatsmaxB": 31,
        "SeatsoccB": 30,
        "SeatsmaxF": 21,
        "SeatsoccF": 19
    },
    {
        "__metadata": {
            "id": "https://COT.RZ.SYS.AOK.DE:44342/sap/opu/odata/sap/ZZ_MAL_GET_FLIGHT_SRV/SFlightSet(Mandt='099',Carrid='QF',Connid='0005',Fldate=datetime'2015-11-13T00%3A00%3A00')",
            "uri": "https://COT.RZ.SYS.AOK.DE:44342/sap/opu/odata/sap/ZZ_MAL_GET_FLIGHT_SRV/SFlightSet(Mandt='099',Carrid='QF',Connid='0005',Fldate=datetime'2015-11-13T00%3A00%3A00')",
            "type": "ZZ_MAL_GET_FLIGHT_SRV.SFlight"
        },
        "Mandt": "099",
        "Carrid": "QF",
        "Connid": "0005",
        "Fldate": "\/Date(1447372800000)\/",
        "Price": "788.64",
        "Currency": "AUD",
        "Planetype": "747-400",
        "Seatsmax": 385,
        "Seatsocc": 336,
        "Paymentsum": "361386.64",
        "SeatsmaxB": 31,
        "SeatsoccB": 30,
        "SeatsmaxF": 21,
        "SeatsoccF": 20
    },
    {
        "__metadata": {
            "id": "https://COT.RZ.SYS.AOK.DE:44342/sap/opu/odata/sap/ZZ_MAL_GET_FLIGHT_SRV/SFlightSet(Mandt='099',Carrid='QF',Connid='0005',Fldate=datetime'2016-01-22T00%3A00%3A00')",
            "uri": "https://COT.RZ.SYS.AOK.DE:44342/sap/opu/odata/sap/ZZ_MAL_GET_FLIGHT_SRV/SFlightSet(Mandt='099',Carrid='QF',Connid='0005',Fldate=datetime'2016-01-22T00%3A00%3A00')",
            "type": "ZZ_MAL_GET_FLIGHT_SRV.SFlight"
        },
        "Mandt": "099",
        "Carrid": "QF",
        "Connid": "0005",
        "Fldate": "\/Date(1453420800000)\/",
        "Price": "788.64",
        "Currency": "AUD",
        "Planetype": "747-400",
        "Seatsmax": 385,
        "Seatsocc": 331,
        "Paymentsum": "355495.46",
        "SeatsmaxB": 31,
        "SeatsoccB": 28,
        "SeatsmaxF": 21,
        "SeatsoccF": 21
    },
    {
        "__metadata": {
            "id": "https://COT.RZ.SYS.AOK.DE:44342/sap/opu/odata/sap/ZZ_MAL_GET_FLIGHT_SRV/SFlightSet(Mandt='099',Carrid='QF',Connid='0005',Fldate=datetime'2016-04-01T00%3A00%3A00')",
            "uri": "https://COT.RZ.SYS.AOK.DE:44342/sap/opu/odata/sap/ZZ_MAL_GET_FLIGHT_SRV/SFlightSet(Mandt='099',Carrid='QF',Connid='0005',Fldate=datetime'2016-04-01T00%3A00%3A00')",
            "type": "ZZ_MAL_GET_FLIGHT_SRV.SFlight"
        },
        "Mandt": "099",
        "Carrid": "QF",
        "Connid": "0005",
        "Fldate": "\/Date(1459468800000)\/",
        "Price": "788.64",
        "Currency": "AUD",
        "Planetype": "747-400",
        "Seatsmax": 385,
        "Seatsocc": 80,
        "Paymentsum": "114313.49",
        "SeatsmaxB": 31,
        "SeatsoccB": 10,
        "SeatsmaxF": 21,
        "SeatsoccF": 7
    },
    {
        "__metadata": {
            "id": "https://COT.RZ.SYS.AOK.DE:44342/sap/opu/odata/sap/ZZ_MAL_GET_FLIGHT_SRV/SFlightSet(Mandt='099',Carrid='QF',Connid='0005',Fldate=datetime'2016-06-10T00%3A00%3A00')",
            "uri": "https://COT.RZ.SYS.AOK.DE:44342/sap/opu/odata/sap/ZZ_MAL_GET_FLIGHT_SRV/SFlightSet(Mandt='099',Carrid='QF',Connid='0005',Fldate=datetime'2016-06-10T00%3A00%3A00')",
            "type": "ZZ_MAL_GET_FLIGHT_SRV.SFlight"
        },
        "Mandt": "099",
        "Carrid": "QF",
        "Connid": "0005",
        "Fldate": "\/Date(1465516800000)\/",
        "Price": "788.64",
        "Currency": "AUD",
        "Planetype": "747-400",
        "Seatsmax": 385,
        "Seatsocc": 118,
        "Paymentsum": "148232.87",
        "SeatsmaxB": 31,
        "SeatsoccB": 12,
        "SeatsmaxF": 21,
        "SeatsoccF": 8
    },
    {
        "__metadata": {
            "id": "https://COT.RZ.SYS.AOK.DE:44342/sap/opu/odata/sap/ZZ_MAL_GET_FLIGHT_SRV/SFlightSet(Mandt='099',Carrid='QF',Connid='0005',Fldate=datetime'2016-08-19T00%3A00%3A00')",
            "uri": "https://COT.RZ.SYS.AOK.DE:44342/sap/opu/odata/sap/ZZ_MAL_GET_FLIGHT_SRV/SFlightSet(Mandt='099',Carrid='QF',Connid='0005',Fldate=datetime'2016-08-19T00%3A00%3A00')",
            "type": "ZZ_MAL_GET_FLIGHT_SRV.SFlight"
        },
        "Mandt": "099",
        "Carrid": "QF",
        "Connid": "0005",
        "Fldate": "\/Date(1471564800000)\/",
        "Price": "788.64",
        "Currency": "AUD",
        "Planetype": "747-400",
        "Seatsmax": 385,
        "Seatsocc": -14,
        "Paymentsum": "20583.51",
        "SeatsmaxB": 31,
        "SeatsoccB": 2,
        "SeatsmaxF": 21,
        "SeatsoccF": 1
    },
    {
        "__metadata": {
            "id": "https://COT.RZ.SYS.AOK.DE:44342/sap/opu/odata/sap/ZZ_MAL_GET_FLIGHT_SRV/SFlightSet(Mandt='099',Carrid='SQ',Connid='0002',Fldate=datetime'2015-06-25T00%3A00%3A00')",
            "uri": "https://COT.RZ.SYS.AOK.DE:44342/sap/opu/odata/sap/ZZ_MAL_GET_FLIGHT_SRV/SFlightSet(Mandt='099',Carrid='SQ',Connid='0002',Fldate=datetime'2015-06-25T00%3A00%3A00')",
            "type": "ZZ_MAL_GET_FLIGHT_SRV.SFlight"
        },
        "Mandt": "099",
        "Carrid": "SQ",
        "Connid": "0002",
        "Fldate": "\/Date(1435190400000)\/",
        "Price": "2320.04",
        "Currency": "SGD",
        "Planetype": "A310-300",
        "Seatsmax": 280,
        "Seatsocc": 244,
        "Paymentsum": "756681.23",
        "SeatsmaxB": 22,
        "SeatsoccB": 22,
        "SeatsmaxF": 10,
        "SeatsoccF": 10
    },
    {
        "__metadata": {
            "id": "https://COT.RZ.SYS.AOK.DE:44342/sap/opu/odata/sap/ZZ_MAL_GET_FLIGHT_SRV/SFlightSet(Mandt='099',Carrid='SQ',Connid='0002',Fldate=datetime'2015-09-03T00%3A00%3A00')",
            "uri": "https://COT.RZ.SYS.AOK.DE:44342/sap/opu/odata/sap/ZZ_MAL_GET_FLIGHT_SRV/SFlightSet(Mandt='099',Carrid='SQ',Connid='0002',Fldate=datetime'2015-09-03T00%3A00%3A00')",
            "type": "ZZ_MAL_GET_FLIGHT_SRV.SFlight"
        },
        "Mandt": "099",
        "Carrid": "SQ",
        "Connid": "0002",
        "Fldate": "\/Date(1441238400000)\/",
        "Price": "2320.04",
        "Currency": "SGD",
        "Planetype": "A310-300",
        "Seatsmax": 280,
        "Seatsocc": 244,
        "Paymentsum": "760764.58",
        "SeatsmaxB": 22,
        "SeatsoccB": 22,
        "SeatsmaxF": 10,
        "SeatsoccF": 10
    },
    {
        "__metadata": {
            "id": "https://COT.RZ.SYS.AOK.DE:44342/sap/opu/odata/sap/ZZ_MAL_GET_FLIGHT_SRV/SFlightSet(Mandt='099',Carrid='SQ',Connid='0002',Fldate=datetime'2015-11-12T00%3A00%3A00')",
            "uri": "https://COT.RZ.SYS.AOK.DE:44342/sap/opu/odata/sap/ZZ_MAL_GET_FLIGHT_SRV/SFlightSet(Mandt='099',Carrid='SQ',Connid='0002',Fldate=datetime'2015-11-12T00%3A00%3A00')",
            "type": "ZZ_MAL_GET_FLIGHT_SRV.SFlight"
        },
        "Mandt": "099",
        "Carrid": "SQ",
        "Connid": "0002",
        "Fldate": "\/Date(1447286400000)\/",
        "Price": "2320.04",
        "Currency": "SGD",
        "Planetype": "A310-300",
        "Seatsmax": 280,
        "Seatsocc": 244,
        "Paymentsum": "759233.38",
        "SeatsmaxB": 22,
        "SeatsoccB": 22,
        "SeatsmaxF": 10,
        "SeatsoccF": 10
    },
    {
        "__metadata": {
            "id": "https://COT.RZ.SYS.AOK.DE:44342/sap/opu/odata/sap/ZZ_MAL_GET_FLIGHT_SRV/SFlightSet(Mandt='099',Carrid='SQ',Connid='0002',Fldate=datetime'2016-01-21T00%3A00%3A00')",
            "uri": "https://COT.RZ.SYS.AOK.DE:44342/sap/opu/odata/sap/ZZ_MAL_GET_FLIGHT_SRV/SFlightSet(Mandt='099',Carrid='SQ',Connid='0002',Fldate=datetime'2016-01-21T00%3A00%3A00')",
            "type": "ZZ_MAL_GET_FLIGHT_SRV.SFlight"
        },
        "Mandt": "099",
        "Carrid": "SQ",
        "Connid": "0002",
        "Fldate": "\/Date(1453334400000)\/",
        "Price": "2320.04",
        "Currency": "SGD",
        "Planetype": "A310-300",
        "Seatsmax": 280,
        "Seatsocc": 244,
        "Paymentsum": "759442.10",
        "SeatsmaxB": 22,
        "SeatsoccB": 22,
        "SeatsmaxF": 10,
        "SeatsoccF": 10
    },
    {
        "__metadata": {
            "id": "https://COT.RZ.SYS.AOK.DE:44342/sap/opu/odata/sap/ZZ_MAL_GET_FLIGHT_SRV/SFlightSet(Mandt='099',Carrid='SQ',Connid='0002',Fldate=datetime'2016-03-31T00%3A00%3A00')",
            "uri": "https://COT.RZ.SYS.AOK.DE:44342/sap/opu/odata/sap/ZZ_MAL_GET_FLIGHT_SRV/SFlightSet(Mandt='099',Carrid='SQ',Connid='0002',Fldate=datetime'2016-03-31T00%3A00%3A00')",
            "type": "ZZ_MAL_GET_FLIGHT_SRV.SFlight"
        },
        "Mandt": "099",
        "Carrid": "SQ",
        "Connid": "0002",
        "Fldate": "\/Date(1459382400000)\/",
        "Price": "2320.04",
        "Currency": "SGD",
        "Planetype": "A310-300",
        "Seatsmax": 280,
        "Seatsocc": -1,
        "Paymentsum": "95469.66",
        "SeatsmaxB": 22,
        "SeatsoccB": 3,
        "SeatsmaxF": 10,
        "SeatsoccF": 1
    },
    {
        "__metadata": {
            "id": "https://COT.RZ.SYS.AOK.DE:44342/sap/opu/odata/sap/ZZ_MAL_GET_FLIGHT_SRV/SFlightSet(Mandt='099',Carrid='SQ',Connid='0002',Fldate=datetime'2016-06-09T00%3A00%3A00')",
            "uri": "https://COT.RZ.SYS.AOK.DE:44342/sap/opu/odata/sap/ZZ_MAL_GET_FLIGHT_SRV/SFlightSet(Mandt='099',Carrid='SQ',Connid='0002',Fldate=datetime'2016-06-09T00%3A00%3A00')",
            "type": "ZZ_MAL_GET_FLIGHT_SRV.SFlight"
        },
        "Mandt": "099",
        "Carrid": "SQ",
        "Connid": "0002",
        "Fldate": "\/Date(1465430400000)\/",
        "Price": "2320.04",
        "Currency": "SGD",
        "Planetype": "A310-300",
        "Seatsmax": 280,
        "Seatsocc": 53,
        "Paymentsum": "242537.02",
        "SeatsmaxB": 22,
        "SeatsoccB": 7,
        "SeatsmaxF": 10,
        "SeatsoccF": 3
    },
    {
        "__metadata": {
            "id": "https://COT.RZ.SYS.AOK.DE:44342/sap/opu/odata/sap/ZZ_MAL_GET_FLIGHT_SRV/SFlightSet(Mandt='099',Carrid='SQ',Connid='0002',Fldate=datetime'2016-08-18T00%3A00%3A00')",
            "uri": "https://COT.RZ.SYS.AOK.DE:44342/sap/opu/odata/sap/ZZ_MAL_GET_FLIGHT_SRV/SFlightSet(Mandt='099',Carrid='SQ',Connid='0002',Fldate=datetime'2016-08-18T00%3A00%3A00')",
            "type": "ZZ_MAL_GET_FLIGHT_SRV.SFlight"
        },
        "Mandt": "099",
        "Carrid": "SQ",
        "Connid": "0002",
        "Fldate": "\/Date(1471478400000)\/",
        "Price": "2320.04",
        "Currency": "SGD",
        "Planetype": "A310-300",
        "Seatsmax": 280,
        "Seatsocc": -19,
        "Paymentsum": "47560.83",
        "SeatsmaxB": 22,
        "SeatsoccB": 1,
        "SeatsmaxF": 10,
        "SeatsoccF": 1
    },
    {
        "__metadata": {
            "id": "https://COT.RZ.SYS.AOK.DE:44342/sap/opu/odata/sap/ZZ_MAL_GET_FLIGHT_SRV/SFlightSet(Mandt='099',Carrid='SQ',Connid='0015',Fldate=datetime'2015-06-24T00%3A00%3A00')",
            "uri": "https://COT.RZ.SYS.AOK.DE:44342/sap/opu/odata/sap/ZZ_MAL_GET_FLIGHT_SRV/SFlightSet(Mandt='099',Carrid='SQ',Connid='0015',Fldate=datetime'2015-06-24T00%3A00%3A00')",
            "type": "ZZ_MAL_GET_FLIGHT_SRV.SFlight"
        },
        "Mandt": "099",
        "Carrid": "SQ",
        "Connid": "0015",
        "Fldate": "\/Date(1435104000000)\/",
        "Price": "2320.04",
        "Currency": "SGD",
        "Planetype": "A319",
        "Seatsmax": 220,
        "Seatsocc": 184,
        "Paymentsum": "630795.87",
        "SeatsmaxB": 22,
        "SeatsoccB": 22,
        "SeatsmaxF": 10,
        "SeatsoccF": 10
    },
    {
        "__metadata": {
            "id": "https://COT.RZ.SYS.AOK.DE:44342/sap/opu/odata/sap/ZZ_MAL_GET_FLIGHT_SRV/SFlightSet(Mandt='099',Carrid='SQ',Connid='0015',Fldate=datetime'2015-09-02T00%3A00%3A00')",
            "uri": "https://COT.RZ.SYS.AOK.DE:44342/sap/opu/odata/sap/ZZ_MAL_GET_FLIGHT_SRV/SFlightSet(Mandt='099',Carrid='SQ',Connid='0015',Fldate=datetime'2015-09-02T00%3A00%3A00')",
            "type": "ZZ_MAL_GET_FLIGHT_SRV.SFlight"
        },
        "Mandt": "099",
        "Carrid": "SQ",
        "Connid": "0015",
        "Fldate": "\/Date(1441152000000)\/",
        "Price": "2320.04",
        "Currency": "SGD",
        "Planetype": "A319",
        "Seatsmax": 220,
        "Seatsocc": 184,
        "Paymentsum": "628730.97",
        "SeatsmaxB": 22,
        "SeatsoccB": 22,
        "SeatsmaxF": 10,
        "SeatsoccF": 10
    },
    {
        "__metadata": {
            "id": "https://COT.RZ.SYS.AOK.DE:44342/sap/opu/odata/sap/ZZ_MAL_GET_FLIGHT_SRV/SFlightSet(Mandt='099',Carrid='SQ',Connid='0015',Fldate=datetime'2015-11-11T00%3A00%3A00')",
            "uri": "https://COT.RZ.SYS.AOK.DE:44342/sap/opu/odata/sap/ZZ_MAL_GET_FLIGHT_SRV/SFlightSet(Mandt='099',Carrid='SQ',Connid='0015',Fldate=datetime'2015-11-11T00%3A00%3A00')",
            "type": "ZZ_MAL_GET_FLIGHT_SRV.SFlight"
        },
        "Mandt": "099",
        "Carrid": "SQ",
        "Connid": "0015",
        "Fldate": "\/Date(1447200000000)\/",
        "Price": "2320.04",
        "Currency": "SGD",
        "Planetype": "A319",
        "Seatsmax": 220,
        "Seatsocc": 184,
        "Paymentsum": "628382.92",
        "SeatsmaxB": 22,
        "SeatsoccB": 22,
        "SeatsmaxF": 10,
        "SeatsoccF": 10
    },
    {
        "__metadata": {
            "id": "https://COT.RZ.SYS.AOK.DE:44342/sap/opu/odata/sap/ZZ_MAL_GET_FLIGHT_SRV/SFlightSet(Mandt='099',Carrid='SQ',Connid='0015',Fldate=datetime'2016-01-20T00%3A00%3A00')",
            "uri": "https://COT.RZ.SYS.AOK.DE:44342/sap/opu/odata/sap/ZZ_MAL_GET_FLIGHT_SRV/SFlightSet(Mandt='099',Carrid='SQ',Connid='0015',Fldate=datetime'2016-01-20T00%3A00%3A00')",
            "type": "ZZ_MAL_GET_FLIGHT_SRV.SFlight"
        },
        "Mandt": "099",
        "Carrid": "SQ",
        "Connid": "0015",
        "Fldate": "\/Date(1453248000000)\/",
        "Price": "2320.04",
        "Currency": "SGD",
        "Planetype": "A319",
        "Seatsmax": 220,
        "Seatsocc": 184,
        "Paymentsum": "635134.32",
        "SeatsmaxB": 22,
        "SeatsoccB": 22,
        "SeatsmaxF": 10,
        "SeatsoccF": 10
    },
    {
        "__metadata": {
            "id": "https://COT.RZ.SYS.AOK.DE:44342/sap/opu/odata/sap/ZZ_MAL_GET_FLIGHT_SRV/SFlightSet(Mandt='099',Carrid='SQ',Connid='0015',Fldate=datetime'2016-03-30T00%3A00%3A00')",
            "uri": "https://COT.RZ.SYS.AOK.DE:44342/sap/opu/odata/sap/ZZ_MAL_GET_FLIGHT_SRV/SFlightSet(Mandt='099',Carrid='SQ',Connid='0015',Fldate=datetime'2016-03-30T00%3A00%3A00')",
            "type": "ZZ_MAL_GET_FLIGHT_SRV.SFlight"
        },
        "Mandt": "099",
        "Carrid": "SQ",
        "Connid": "0015",
        "Fldate": "\/Date(1459296000000)\/",
        "Price": "2320.04",
        "Currency": "SGD",
        "Planetype": "A319",
        "Seatsmax": 220,
        "Seatsocc": 94,
        "Paymentsum": "376983.45",
        "SeatsmaxB": 22,
        "SeatsoccB": 13,
        "SeatsmaxF": 10,
        "SeatsoccF": 6
    },
    {
        "__metadata": {
            "id": "https://COT.RZ.SYS.AOK.DE:44342/sap/opu/odata/sap/ZZ_MAL_GET_FLIGHT_SRV/SFlightSet(Mandt='099',Carrid='SQ',Connid='0015',Fldate=datetime'2016-06-08T00%3A00%3A00')",
            "uri": "https://COT.RZ.SYS.AOK.DE:44342/sap/opu/odata/sap/ZZ_MAL_GET_FLIGHT_SRV/SFlightSet(Mandt='099',Carrid='SQ',Connid='0015',Fldate=datetime'2016-06-08T00%3A00%3A00')",
            "type": "ZZ_MAL_GET_FLIGHT_SRV.SFlight"
        },
        "Mandt": "099",
        "Carrid": "SQ",
        "Connid": "0015",
        "Fldate": "\/Date(1465344000000)\/",
        "Price": "2320.04",
        "Currency": "SGD",
        "Planetype": "A319",
        "Seatsmax": 220,
        "Seatsocc": 50,
        "Paymentsum": "251028.36",
        "SeatsmaxB": 22,
        "SeatsoccB": 9,
        "SeatsmaxF": 10,
        "SeatsoccF": 4
    },
    {
        "__metadata": {
            "id": "https://COT.RZ.SYS.AOK.DE:44342/sap/opu/odata/sap/ZZ_MAL_GET_FLIGHT_SRV/SFlightSet(Mandt='099',Carrid='SQ',Connid='0015',Fldate=datetime'2016-08-17T00%3A00%3A00')",
            "uri": "https://COT.RZ.SYS.AOK.DE:44342/sap/opu/odata/sap/ZZ_MAL_GET_FLIGHT_SRV/SFlightSet(Mandt='099',Carrid='SQ',Connid='0015',Fldate=datetime'2016-08-17T00%3A00%3A00')",
            "type": "ZZ_MAL_GET_FLIGHT_SRV.SFlight"
        },
        "Mandt": "099",
        "Carrid": "SQ",
        "Connid": "0015",
        "Fldate": "\/Date(1471392000000)\/",
        "Price": "2320.04",
        "Currency": "SGD",
        "Planetype": "A319",
        "Seatsmax": 220,
        "Seatsocc": -10,
        "Paymentsum": "75378.13",
        "SeatsmaxB": 22,
        "SeatsoccB": 3,
        "SeatsmaxF": 10,
        "SeatsoccF": 1
    },
    {
        "__metadata": {
            "id": "https://COT.RZ.SYS.AOK.DE:44342/sap/opu/odata/sap/ZZ_MAL_GET_FLIGHT_SRV/SFlightSet(Mandt='099',Carrid='UA',Connid='0941',Fldate=datetime'2015-06-25T00%3A00%3A00')",
            "uri": "https://COT.RZ.SYS.AOK.DE:44342/sap/opu/odata/sap/ZZ_MAL_GET_FLIGHT_SRV/SFlightSet(Mandt='099',Carrid='UA',Connid='0941',Fldate=datetime'2015-06-25T00%3A00%3A00')",
            "type": "ZZ_MAL_GET_FLIGHT_SRV.SFlight"
        },
        "Mandt": "099",
        "Carrid": "UA",
        "Connid": "0941",
        "Fldate": "\/Date(1435190400000)\/",
        "Price": "879.82",
        "Currency": "USD",
        "Planetype": "DC-10-10",
        "Seatsmax": 380,
        "Seatsocc": 324,
        "Paymentsum": "400697.10",
        "SeatsmaxB": 41,
        "SeatsoccB": 39,
        "SeatsmaxF": 18,
        "SeatsoccF": 18
    },
    {
        "__metadata": {
            "id": "https://COT.RZ.SYS.AOK.DE:44342/sap/opu/odata/sap/ZZ_MAL_GET_FLIGHT_SRV/SFlightSet(Mandt='099',Carrid='UA',Connid='0941',Fldate=datetime'2015-09-03T00%3A00%3A00')",
            "uri": "https://COT.RZ.SYS.AOK.DE:44342/sap/opu/odata/sap/ZZ_MAL_GET_FLIGHT_SRV/SFlightSet(Mandt='099',Carrid='UA',Connid='0941',Fldate=datetime'2015-09-03T00%3A00%3A00')",
            "type": "ZZ_MAL_GET_FLIGHT_SRV.SFlight"
        },
        "Mandt": "099",
        "Carrid": "UA",
        "Connid": "0941",
        "Fldate": "\/Date(1441238400000)\/",
        "Price": "879.82",
        "Currency": "USD",
        "Planetype": "DC-10-10",
        "Seatsmax": 380,
        "Seatsocc": 332,
        "Paymentsum": "409512.95",
        "SeatsmaxB": 41,
        "SeatsoccB": 41,
        "SeatsmaxF": 18,
        "SeatsoccF": 18
    },
    {
        "__metadata": {
            "id": "https://COT.RZ.SYS.AOK.DE:44342/sap/opu/odata/sap/ZZ_MAL_GET_FLIGHT_SRV/SFlightSet(Mandt='099',Carrid='UA',Connid='0941',Fldate=datetime'2015-11-12T00%3A00%3A00')",
            "uri": "https://COT.RZ.SYS.AOK.DE:44342/sap/opu/odata/sap/ZZ_MAL_GET_FLIGHT_SRV/SFlightSet(Mandt='099',Carrid='UA',Connid='0941',Fldate=datetime'2015-11-12T00%3A00%3A00')",
            "type": "ZZ_MAL_GET_FLIGHT_SRV.SFlight"
        },
        "Mandt": "099",
        "Carrid": "UA",
        "Connid": "0941",
        "Fldate": "\/Date(1447286400000)\/",
        "Price": "879.82",
        "Currency": "USD",
        "Planetype": "DC-10-10",
        "Seatsmax": 380,
        "Seatsocc": 333,
        "Paymentsum": "402729.54",
        "SeatsmaxB": 41,
        "SeatsoccB": 38,
        "SeatsmaxF": 18,
        "SeatsoccF": 17
    },
    {
        "__metadata": {
            "id": "https://COT.RZ.SYS.AOK.DE:44342/sap/opu/odata/sap/ZZ_MAL_GET_FLIGHT_SRV/SFlightSet(Mandt='099',Carrid='UA',Connid='0941',Fldate=datetime'2015-12-28T00%3A00%3A00')",
            "uri": "https://COT.RZ.SYS.AOK.DE:44342/sap/opu/odata/sap/ZZ_MAL_GET_FLIGHT_SRV/SFlightSet(Mandt='099',Carrid='UA',Connid='0941',Fldate=datetime'2015-12-28T00%3A00%3A00')",
            "type": "ZZ_MAL_GET_FLIGHT_SRV.SFlight"
        },
        "Mandt": "099",
        "Carrid": "UA",
        "Connid": "0941",
        "Fldate": "\/Date(1451260800000)\/",
        "Price": "879.82",
        "Currency": "USD",
        "Planetype": "DC-10-10",
        "Seatsmax": 380,
        "Seatsocc": 331,
        "Paymentsum": "408105.18",
        "SeatsmaxB": 41,
        "SeatsoccB": 41,
        "SeatsmaxF": 18,
        "SeatsoccF": 17
    },
    {
        "__metadata": {
            "id": "https://COT.RZ.SYS.AOK.DE:44342/sap/opu/odata/sap/ZZ_MAL_GET_FLIGHT_SRV/SFlightSet(Mandt='099',Carrid='UA',Connid='0941',Fldate=datetime'2016-01-21T00%3A00%3A00')",
            "uri": "https://COT.RZ.SYS.AOK.DE:44342/sap/opu/odata/sap/ZZ_MAL_GET_FLIGHT_SRV/SFlightSet(Mandt='099',Carrid='UA',Connid='0941',Fldate=datetime'2016-01-21T00%3A00%3A00')",
            "type": "ZZ_MAL_GET_FLIGHT_SRV.SFlight"
        },
        "Mandt": "099",
        "Carrid": "UA",
        "Connid": "0941",
        "Fldate": "\/Date(1453334400000)\/",
        "Price": "879.82",
        "Currency": "USD",
        "Planetype": "DC-10-10",
        "Seatsmax": 380,
        "Seatsocc": 333,
        "Paymentsum": "410049.57",
        "SeatsmaxB": 41,
        "SeatsoccB": 39,
        "SeatsmaxF": 18,
        "SeatsoccF": 18
    },
    {
        "__metadata": {
            "id": "https://COT.RZ.SYS.AOK.DE:44342/sap/opu/odata/sap/ZZ_MAL_GET_FLIGHT_SRV/SFlightSet(Mandt='099',Carrid='UA',Connid='0941',Fldate=datetime'2016-01-28T00%3A00%3A00')",
            "uri": "https://COT.RZ.SYS.AOK.DE:44342/sap/opu/odata/sap/ZZ_MAL_GET_FLIGHT_SRV/SFlightSet(Mandt='099',Carrid='UA',Connid='0941',Fldate=datetime'2016-01-28T00%3A00%3A00')",
            "type": "ZZ_MAL_GET_FLIGHT_SRV.SFlight"
        },
        "Mandt": "099",
        "Carrid": "UA",
        "Connid": "0941",
        "Fldate": "\/Date(1453939200000)\/",
        "Price": "879.82",
        "Currency": "USD",
        "Planetype": "DC-10-10",
        "Seatsmax": 380,
        "Seatsocc": 324,
        "Paymentsum": "399658.93",
        "SeatsmaxB": 41,
        "SeatsoccB": 38,
        "SeatsmaxF": 18,
        "SeatsoccF": 18
    },
    {
        "__metadata": {
            "id": "https://COT.RZ.SYS.AOK.DE:44342/sap/opu/odata/sap/ZZ_MAL_GET_FLIGHT_SRV/SFlightSet(Mandt='099',Carrid='UA',Connid='0941',Fldate=datetime'2016-03-31T00%3A00%3A00')",
            "uri": "https://COT.RZ.SYS.AOK.DE:44342/sap/opu/odata/sap/ZZ_MAL_GET_FLIGHT_SRV/SFlightSet(Mandt='099',Carrid='UA',Connid='0941',Fldate=datetime'2016-03-31T00%3A00%3A00')",
            "type": "ZZ_MAL_GET_FLIGHT_SRV.SFlight"
        },
        "Mandt": "099",
        "Carrid": "UA",
        "Connid": "0941",
        "Fldate": "\/Date(1459382400000)\/",
        "Price": "879.82",
        "Currency": "USD",
        "Planetype": "DC-10-10",
        "Seatsmax": 380,
        "Seatsocc": 157,
        "Paymentsum": "213101.58",
        "SeatsmaxB": 41,
        "SeatsoccB": 21,
        "SeatsmaxF": 18,
        "SeatsoccF": 9
    },
    {
        "__metadata": {
            "id": "https://COT.RZ.SYS.AOK.DE:44342/sap/opu/odata/sap/ZZ_MAL_GET_FLIGHT_SRV/SFlightSet(Mandt='099',Carrid='UA',Connid='0941',Fldate=datetime'2016-06-09T00%3A00%3A00')",
            "uri": "https://COT.RZ.SYS.AOK.DE:44342/sap/opu/odata/sap/ZZ_MAL_GET_FLIGHT_SRV/SFlightSet(Mandt='099',Carrid='UA',Connid='0941',Fldate=datetime'2016-06-09T00%3A00%3A00')",
            "type": "ZZ_MAL_GET_FLIGHT_SRV.SFlight"
        },
        "Mandt": "099",
        "Carrid": "UA",
        "Connid": "0941",
        "Fldate": "\/Date(1465430400000)\/",
        "Price": "879.82",
        "Currency": "USD",
        "Planetype": "DC-10-10",
        "Seatsmax": 380,
        "Seatsocc": -22,
        "Paymentsum": "17684.40",
        "SeatsmaxB": 41,
        "SeatsoccB": 2,
        "SeatsmaxF": 18,
        "SeatsoccF": 1
    },
    {
        "__metadata": {
            "id": "https://COT.RZ.SYS.AOK.DE:44342/sap/opu/odata/sap/ZZ_MAL_GET_FLIGHT_SRV/SFlightSet(Mandt='099',Carrid='UA',Connid='0941',Fldate=datetime'2016-08-18T00%3A00%3A00')",
            "uri": "https://COT.RZ.SYS.AOK.DE:44342/sap/opu/odata/sap/ZZ_MAL_GET_FLIGHT_SRV/SFlightSet(Mandt='099',Carrid='UA',Connid='0941',Fldate=datetime'2016-08-18T00%3A00%3A00')",
            "type": "ZZ_MAL_GET_FLIGHT_SRV.SFlight"
        },
        "Mandt": "099",
        "Carrid": "UA",
        "Connid": "0941",
        "Fldate": "\/Date(1471478400000)\/",
        "Price": "879.82",
        "Currency": "USD",
        "Planetype": "DC-10-10",
        "Seatsmax": 380,
        "Seatsocc": -30,
        "Paymentsum": "6686.64",
        "SeatsmaxB": 41,
        "SeatsoccB": 1,
        "SeatsmaxF": 18,
        "SeatsoccF": 0
    },
    {
        "__metadata": {
            "id": "https://COT.RZ.SYS.AOK.DE:44342/sap/opu/odata/sap/ZZ_MAL_GET_FLIGHT_SRV/SFlightSet(Mandt='099',Carrid='AZ',Connid='0555',Fldate=datetime'2015-06-24T00%3A00%3A00')",
            "uri": "https://COT.RZ.SYS.AOK.DE:44342/sap/opu/odata/sap/ZZ_MAL_GET_FLIGHT_SRV/SFlightSet(Mandt='099',Carrid='AZ',Connid='0555',Fldate=datetime'2015-06-24T00%3A00%3A00')",
            "type": "ZZ_MAL_GET_FLIGHT_SRV.SFlight"
        },
        "Mandt": "099",
        "Carrid": "AZ",
        "Connid": "0555",
        "Fldate": "\/Date(1435104000000)\/",
        "Price": "186.00",
        "Currency": "EUR",
        "Planetype": "A310-300",
        "Seatsmax": 280,
        "Seatsocc": 235,
        "Paymentsum": "58978.00",
        "SeatsmaxB": 22,
        "SeatsoccB": 21,
        "SeatsmaxF": 10,
        "SeatsoccF": 10
    },
    {
        "__metadata": {
            "id": "https://COT.RZ.SYS.AOK.DE:44342/sap/opu/odata/sap/ZZ_MAL_GET_FLIGHT_SRV/SFlightSet(Mandt='099',Carrid='AZ',Connid='0555',Fldate=datetime'2016-03-30T00%3A00%3A00')",
            "uri": "https://COT.RZ.SYS.AOK.DE:44342/sap/opu/odata/sap/ZZ_MAL_GET_FLIGHT_SRV/SFlightSet(Mandt='099',Carrid='AZ',Connid='0555',Fldate=datetime'2016-03-30T00%3A00%3A00')",
            "type": "ZZ_MAL_GET_FLIGHT_SRV.SFlight"
        },
        "Mandt": "099",
        "Carrid": "AZ",
        "Connid": "0555",
        "Fldate": "\/Date(1459296000000)\/",
        "Price": "186.00",
        "Currency": "EUR",
        "Planetype": "A310-300",
        "Seatsmax": 280,
        "Seatsocc": 150,
        "Paymentsum": "40241.20",
        "SeatsmaxB": 22,
        "SeatsoccB": 14,
        "SeatsmaxF": 10,
        "SeatsoccF": 7
    },
    {
        "__metadata": {
            "id": "https://COT.RZ.SYS.AOK.DE:44342/sap/opu/odata/sap/ZZ_MAL_GET_FLIGHT_SRV/SFlightSet(Mandt='099',Carrid='AA',Connid='0018',Fldate=datetime'2025-02-15T00%3A00%3A00')",
            "uri": "https://COT.RZ.SYS.AOK.DE:44342/sap/opu/odata/sap/ZZ_MAL_GET_FLIGHT_SRV/SFlightSet(Mandt='099',Carrid='AA',Connid='0018',Fldate=datetime'2025-02-15T00%3A00%3A00')",
            "type": "ZZ_MAL_GET_FLIGHT_SRV.SFlight"
        },
        "Mandt": "099",
        "Carrid": "AA",
        "Connid": "0018",
        "Fldate": "\/Date(1739577600000)\/",
        "Price": "100.00",
        "Currency": "EUR",
        "Planetype": "",
        "Seatsmax": 0,
        "Seatsocc": 0,
        "Paymentsum": "0.00",
        "SeatsmaxB": 0,
        "SeatsoccB": 0,
        "SeatsmaxF": 0,
        "SeatsoccF": 0
    },
    {
        "__metadata": {
            "id": "https://COT.RZ.SYS.AOK.DE:44342/sap/opu/odata/sap/ZZ_MAL_GET_FLIGHT_SRV/SFlightSet(Mandt='099',Carrid='AA',Connid='0118',Fldate=datetime'2025-02-15T00%3A00%3A00')",
            "uri": "https://COT.RZ.SYS.AOK.DE:44342/sap/opu/odata/sap/ZZ_MAL_GET_FLIGHT_SRV/SFlightSet(Mandt='099',Carrid='AA',Connid='0118',Fldate=datetime'2025-02-15T00%3A00%3A00')",
            "type": "ZZ_MAL_GET_FLIGHT_SRV.SFlight"
        },
        "Mandt": "099",
        "Carrid": "AA",
        "Connid": "0118",
        "Fldate": "\/Date(1739577600000)\/",
        "Price": "100.00",
        "Currency": "EUR",
        "Planetype": "",
        "Seatsmax": 0,
        "Seatsocc": 0,
        "Paymentsum": "0.00",
        "SeatsmaxB": 0,
        "SeatsoccB": 0,
        "SeatsmaxF": 0,
        "SeatsoccF": 0
    }
]