[{"Mandt":"M 1","Carrid":"C 1","Carrname":"Carrname 1","Currcode":"Cur 1","Url":"Url 1","__metadata":{"uri":"/ScarrSet(Mandt='M%201',Carrid='C%201')","type":"ZZ_SFLIGHT_SRV.Scarr"}},{"Mandt":"M 2","Carrid":"C 2","Carrname":"Carrname 2","Currcode":"Cur 2","Url":"Url 2","__metadata":{"uri":"/ScarrSet(Mandt='M%202',Carrid='C%202')","type":"ZZ_SFLIGHT_SRV.Scarr"}},{"Mandt":"M 3","Carrid":"C 3","Carrname":"Carrname 3","Currcode":"Cur 3","Url":"Url 3","__metadata":{"uri":"/ScarrSet(Mandt='M%203',Carrid='C%203')","type":"ZZ_SFLIGHT_SRV.Scarr"}},{"Mandt":"M 4","Carrid":"C 4","Carrname":"Carrname 4","Currcode":"Cur 4","Url":"Url 4","__metadata":{"uri":"/ScarrSet(Mandt='M%204',Carrid='C%204')","type":"ZZ_SFLIGHT_SRV.Scarr"}},{"Mandt":"M 5","Carrid":"C 5","Carrname":"Carrname 5","Currcode":"Cur 5","Url":"Url 5","__metadata":{"uri":"/ScarrSet(Mandt='M%205',Carrid='C%205')","type":"ZZ_SFLIGHT_SRV.Scarr"}},{"Mandt":"M 6","Carrid":"C 6","Carrname":"Carrname 6","Currcode":"Cur 6","Url":"Url 6","__metadata":{"uri":"/ScarrSet(Mandt='M%206',Carrid='C%206')","type":"ZZ_SFLIGHT_SRV.Scarr"}},{"Mandt":"M 7","Carrid":"C 7","Carrname":"Carrname 7","Currcode":"Cur 7","Url":"Url 7","__metadata":{"uri":"/ScarrSet(Mandt='M%207',Carrid='C%207')","type":"ZZ_SFLIGHT_SRV.Scarr"}},{"Mandt":"M 8","Carrid":"C 8","Carrname":"Carrname 8","Currcode":"Cur 8","Url":"Url 8","__metadata":{"uri":"/ScarrSet(Mandt='M%208',Carrid='C%208')","type":"ZZ_SFLIGHT_SRV.Scarr"}},{"Mandt":"M 9","Carrid":"C 9","Carrname":"Carrname 9","Currcode":"Cur 9","Url":"Url 9","__metadata":{"uri":"/ScarrSet(Mandt='M%209',Carrid='C%209')","type":"ZZ_SFLIGHT_SRV.Scarr"}},{"Mandt":" 10","Carrid":" 10","Carrname":"Carrname 10","Currcode":"Cu 10","Url":"Url 10","__metadata":{"uri":"/ScarrSet(Mandt='%2010',Carrid='%2010')","type":"ZZ_SFLIGHT_SRV.Scarr"}},{"Mandt":" 11","Carrid":" 11","Carrname":"Carrname 11","Currcode":"Cu 11","Url":"Url 11","__metadata":{"uri":"/ScarrSet(Mandt='%2011',Carrid='%2011')","type":"ZZ_SFLIGHT_SRV.Scarr"}},{"Mandt":" 12","Carrid":" 12","Carrname":"Carrname 12","Currcode":"Cu 12","Url":"Url 12","__metadata":{"uri":"/ScarrSet(Mandt='%2012',Carrid='%2012')","type":"ZZ_SFLIGHT_SRV.Scarr"}},{"Mandt":" 13","Carrid":" 13","Carrname":"Carrname 13","Currcode":"Cu 13","Url":"Url 13","__metadata":{"uri":"/ScarrSet(Mandt='%2013',Carrid='%2013')","type":"ZZ_SFLIGHT_SRV.Scarr"}},{"Mandt":" 14","Carrid":" 14","Carrname":"Carrname 14","Currcode":"Cu 14","Url":"Url 14","__metadata":{"uri":"/ScarrSet(Mandt='%2014',Carrid='%2014')","type":"ZZ_SFLIGHT_SRV.Scarr"}},{"Mandt":" 15","Carrid":" 15","Carrname":"Carrname 15","Currcode":"Cu 15","Url":"Url 15","__metadata":{"uri":"/ScarrSet(Mandt='%2015',Carrid='%2015')","type":"ZZ_SFLIGHT_SRV.Scarr"}},{"Mandt":" 16","Carrid":" 16","Carrname":"Carrname 16","Currcode":"Cu 16","Url":"Url 16","__metadata":{"uri":"/ScarrSet(Mandt='%2016',Carrid='%2016')","type":"ZZ_SFLIGHT_SRV.Scarr"}},{"Mandt":" 17","Carrid":" 17","Carrname":"Carrname 17","Currcode":"Cu 17","Url":"Url 17","__metadata":{"uri":"/ScarrSet(Mandt='%2017',Carrid='%2017')","type":"ZZ_SFLIGHT_SRV.Scarr"}},{"Mandt":" 18","Carrid":" 18","Carrname":"Carrname 18","Currcode":"Cu 18","Url":"Url 18","__metadata":{"uri":"/ScarrSet(Mandt='%2018',Carrid='%2018')","type":"ZZ_SFLIGHT_SRV.Scarr"}},{"Mandt":" 19","Carrid":" 19","Carrname":"Carrname 19","Currcode":"Cu 19","Url":"Url 19","__metadata":{"uri":"/ScarrSet(Mandt='%2019',Carrid='%2019')","type":"ZZ_SFLIGHT_SRV.Scarr"}},{"Mandt":" 20","Carrid":" 20","Carrname":"Carrname 20","Currcode":"Cu 20","Url":"Url 20","__metadata":{"uri":"/ScarrSet(Mandt='%2020',Carrid='%2020')","type":"ZZ_SFLIGHT_SRV.Scarr"}},{"Mandt":" 21","Carrid":" 21","Carrname":"Carrname 21","Currcode":"Cu 21","Url":"Url 21","__metadata":{"uri":"/ScarrSet(Mandt='%2021',Carrid='%2021')","type":"ZZ_SFLIGHT_SRV.Scarr"}},{"Mandt":" 22","Carrid":" 22","Carrname":"Carrname 22","Currcode":"Cu 22","Url":"Url 22","__metadata":{"uri":"/ScarrSet(Mandt='%2022',Carrid='%2022')","type":"ZZ_SFLIGHT_SRV.Scarr"}},{"Mandt":" 23","Carrid":" 23","Carrname":"Carrname 23","Currcode":"Cu 23","Url":"Url 23","__metadata":{"uri":"/ScarrSet(Mandt='%2023',Carrid='%2023')","type":"ZZ_SFLIGHT_SRV.Scarr"}},{"Mandt":" 24","Carrid":" 24","Carrname":"Carrname 24","Currcode":"Cu 24","Url":"Url 24","__metadata":{"uri":"/ScarrSet(Mandt='%2024',Carrid='%2024')","type":"ZZ_SFLIGHT_SRV.Scarr"}},{"Mandt":" 25","Carrid":" 25","Carrname":"Carrname 25","Currcode":"Cu 25","Url":"Url 25","__metadata":{"uri":"/ScarrSet(Mandt='%2025',Carrid='%2025')","type":"ZZ_SFLIGHT_SRV.Scarr"}},{"Mandt":" 26","Carrid":" 26","Carrname":"Carrname 26","Currcode":"Cu 26","Url":"Url 26","__metadata":{"uri":"/ScarrSet(Mandt='%2026',Carrid='%2026')","type":"ZZ_SFLIGHT_SRV.Scarr"}},{"Mandt":" 27","Carrid":" 27","Carrname":"Carrname 27","Currcode":"Cu 27","Url":"Url 27","__metadata":{"uri":"/ScarrSet(Mandt='%2027',Carrid='%2027')","type":"ZZ_SFLIGHT_SRV.Scarr"}},{"Mandt":" 28","Carrid":" 28","Carrname":"Carrname 28","Currcode":"Cu 28","Url":"Url 28","__metadata":{"uri":"/ScarrSet(Mandt='%2028',Carrid='%2028')","type":"ZZ_SFLIGHT_SRV.Scarr"}},{"Mandt":" 29","Carrid":" 29","Carrname":"Carrname 29","Currcode":"Cu 29","Url":"Url 29","__metadata":{"uri":"/ScarrSet(Mandt='%2029',Carrid='%2029')","type":"ZZ_SFLIGHT_SRV.Scarr"}},{"Mandt":" 30","Carrid":" 30","Carrname":"Carrname 30","Currcode":"Cu 30","Url":"Url 30","__metadata":{"uri":"/ScarrSet(Mandt='%2030',Carrid='%2030')","type":"ZZ_SFLIGHT_SRV.Scarr"}}]