[{"Mandt":"M 1","Carrid":"C 1","Connid":"Co 1","Fldate":"/Date(967815903000)/","Price":9.85,"Currency":"Cur 1","Planetype":"Planetyp 1","Seatsmax":9,"Seatsocc":416,"Paymentsum":416.31,"SeatsmaxB":6671,"SeatsoccB":2613,"SeatsmaxF":7960,"SeatsoccF":2584,"__metadata":{"uri":"/SFlightSet(Mandt='M%201',Carrid='C%201',Connid='Co%201',Fldate=datetime'2000-09-01T13%3A45%3A03')","type":"ZZ_SFLIGHT_SRV.SFlight"}},{"Mandt":"M 2","Carrid":"C 2","Connid":"Co 2","Fldate":"/Date(1114263903000)/","Price":6671.92,"Currency":"Cur 2","Planetype":"Planetyp 2","Seatsmax":5101,"Seatsocc":7638,"Paymentsum":2613.6,"SeatsmaxB":100,"SeatsoccB":8688,"SeatsmaxF":9523,"SeatsoccF":8078,"__metadata":{"uri":"/SFlightSet(Mandt='M%202',Carrid='C%202',Connid='Co%202',Fldate=datetime'2005-04-23T13%3A45%3A03')","type":"ZZ_SFLIGHT_SRV.SFlight"}},{"Mandt":"M 3","Carrid":"C 3","Connid":"Co 3","Fldate":"/Date(1264171503000)/","Price":7960.43,"Currency":"Cur 3","Planetype":"Planetyp 3","Seatsmax":3324,"Seatsocc":591,"Paymentsum":2584.86,"SeatsmaxB":4853,"SeatsoccB":4053,"SeatsmaxF":7495,"SeatsoccF":7826,"__metadata":{"uri":"/SFlightSet(Mandt='M%203',Carrid='C%203',Connid='Co%203',Fldate=datetime'2010-01-22T14%3A45%3A03')","type":"ZZ_SFLIGHT_SRV.SFlight"}},{"Mandt":"M 4","Carrid":"C 4","Connid":"Co 4","Fldate":"/Date(1509198303000)/","Price":5101.49,"Currency":"Cur 4","Planetype":"Planetyp 4","Seatsmax":3812,"Seatsocc":6152,"Paymentsum":7638.68,"SeatsmaxB":7116,"SeatsoccB":3189,"SeatsmaxF":2884,"SeatsoccF":6673,"__metadata":{"uri":"/SFlightSet(Mandt='M%204',Carrid='C%204',Connid='Co%204',Fldate=datetime'2017-10-28T13%3A45%3A03')","type":"ZZ_SFLIGHT_SRV.SFlight"}},{"Mandt":"M 5","Carrid":"C 5","Connid":"Co 5","Fldate":"/Date(1149169503000)/","Price":100.85,"Currency":"Cur 5","Planetype":"Planetyp 5","Seatsmax":3050,"Seatsocc":2114,"Paymentsum":8688.55,"SeatsmaxB":865,"SeatsoccB":7131,"SeatsmaxF":4669,"SeatsoccF":5584,"__metadata":{"uri":"/SFlightSet(Mandt='M%205',Carrid='C%205',Connid='Co%205',Fldate=datetime'2006-06-01T13%3A45%3A03')","type":"ZZ_SFLIGHT_SRV.SFlight"}},{"Mandt":"M 6","Carrid":"C 6","Connid":"Co 6","Fldate":"/Date(1224683103000)/","Price":9523.1,"Currency":"Cur 6","Planetype":"Planetyp 6","Seatsmax":5582,"Seatsocc":9889,"Paymentsum":8078.05,"SeatsmaxB":2209,"SeatsoccB":9106,"SeatsmaxF":5632,"SeatsoccF":517,"__metadata":{"uri":"/SFlightSet(Mandt='M%206',Carrid='C%206',Connid='Co%206',Fldate=datetime'2008-10-22T13%3A45%3A03')","type":"ZZ_SFLIGHT_SRV.SFlight"}},{"Mandt":"M 7","Carrid":"C 7","Connid":"Co 7","Fldate":"/Date(1190123103000)/","Price":3324.62,"Currency":"Cur 7","Planetype":"Planetyp 7","Seatsmax":5272,"Seatsocc":6084,"Paymentsum":591.67,"SeatsmaxB":3899,"SeatsoccB":539,"SeatsmaxF":6592,"SeatsoccF":3731,"__metadata":{"uri":"/SFlightSet(Mandt='M%207',Carrid='C%207',Connid='Co%207',Fldate=datetime'2007-09-18T13%3A45%3A03')","type":"ZZ_SFLIGHT_SRV.SFlight"}},{"Mandt":"M 8","Carrid":"C 8","Connid":"Co 8","Fldate":"/Date(1157723103000)/","Price":4853.71,"Currency":"Cur 8","Planetype":"Planetyp 8","Seatsmax":9240,"Seatsocc":7680,"Paymentsum":4053.58,"SeatsmaxB":5575,"SeatsoccB":4212,"SeatsmaxF":2621,"SeatsoccF":4078,"__metadata":{"uri":"/SFlightSet(Mandt='M%208',Carrid='C%208',Connid='Co%208',Fldate=datetime'2006-09-08T13%3A45%3A03')","type":"ZZ_SFLIGHT_SRV.SFlight"}},{"Mandt":"M 9","Carrid":"C 9","Connid":"Co 9","Fldate":"/Date(1139237103000)/","Price":7495.46,"Currency":"Cur 9","Planetype":"Planetyp 9","Seatsmax":9244,"Seatsocc":6336,"Paymentsum":7826.71,"SeatsmaxB":7555,"SeatsoccB":9799,"SeatsmaxF":5976,"SeatsoccF":3090,"__metadata":{"uri":"/SFlightSet(Mandt='M%209',Carrid='C%209',Connid='Co%209',Fldate=datetime'2006-02-06T14%3A45%3A03')","type":"ZZ_SFLIGHT_SRV.SFlight"}},{"Mandt":" 10","Carrid":" 10","Connid":"C 10","Fldate":"/Date(1405345503000)/","Price":3812,"Currency":"Cu 10","Planetype":"Planety 10","Seatsmax":1297,"Seatsocc":3101,"Paymentsum":6152.62,"SeatsmaxB":9545,"SeatsoccB":4880,"SeatsmaxF":3507,"SeatsoccF":2537,"__metadata":{"uri":"/SFlightSet(Mandt='%2010',Carrid='%2010',Connid='C%2010',Fldate=datetime'2014-07-14T13%3A45%3A03')","type":"ZZ_SFLIGHT_SRV.SFlight"}},{"Mandt":" 11","Carrid":" 11","Connid":"C 11","Fldate":"/Date(1298990703000)/","Price":7116.64,"Currency":"Cu 11","Planetype":"Planety 11","Seatsmax":5393,"Seatsocc":4076,"Paymentsum":3189.11,"SeatsmaxB":2192,"SeatsoccB":8733,"SeatsmaxF":9210,"SeatsoccF":2390,"__metadata":{"uri":"/SFlightSet(Mandt='%2011',Carrid='%2011',Connid='C%2011',Fldate=datetime'2011-03-01T14%3A45%3A03')","type":"ZZ_SFLIGHT_SRV.SFlight"}},{"Mandt":" 12","Carrid":" 12","Connid":"C 12","Fldate":"/Date(1516113903000)/","Price":2884.41,"Currency":"Cu 12","Planetype":"Planety 12","Seatsmax":2606,"Seatsocc":253,"Paymentsum":6673.2,"SeatsmaxB":8644,"SeatsoccB":3876,"SeatsmaxF":4644,"SeatsoccF":5241,"__metadata":{"uri":"/SFlightSet(Mandt='%2012',Carrid='%2012',Connid='C%2012',Fldate=datetime'2018-01-16T14%3A45%3A03')","type":"ZZ_SFLIGHT_SRV.SFlight"}},{"Mandt":" 13","Carrid":" 13","Connid":"C 13","Fldate":"/Date(1274190303000)/","Price":3050.52,"Currency":"Cu 13","Planetype":"Planety 13","Seatsmax":530,"Seatsocc":597,"Paymentsum":2114.01,"SeatsmaxB":735,"SeatsoccB":1369,"SeatsmaxF":7452,"SeatsoccF":830,"__metadata":{"uri":"/SFlightSet(Mandt='%2013',Carrid='%2013',Connid='C%2013',Fldate=datetime'2010-05-18T13%3A45%3A03')","type":"ZZ_SFLIGHT_SRV.SFlight"}},{"Mandt":" 14","Carrid":" 14","Connid":"C 14","Fldate":"/Date(990279903000)/","Price":865.68,"Currency":"Cu 14","Planetype":"Planety 14","Seatsmax":9458,"Seatsocc":361,"Paymentsum":7131.28,"SeatsmaxB":7670,"SeatsoccB":1526,"SeatsmaxF":1407,"SeatsoccF":9453,"__metadata":{"uri":"/SFlightSet(Mandt='%2014',Carrid='%2014',Connid='C%2014',Fldate=datetime'2001-05-19T13%3A45%3A03')","type":"ZZ_SFLIGHT_SRV.SFlight"}},{"Mandt":" 15","Carrid":" 15","Connid":"C 15","Fldate":"/Date(1532353503000)/","Price":4669.02,"Currency":"Cu 15","Planetype":"Planety 15","Seatsmax":3215,"Seatsocc":488,"Paymentsum":5584.73,"SeatsmaxB":437,"SeatsoccB":2347,"SeatsmaxF":8583,"SeatsoccF":5338,"__metadata":{"uri":"/SFlightSet(Mandt='%2015',Carrid='%2015',Connid='C%2015',Fldate=datetime'2018-07-23T13%3A45%3A03')","type":"ZZ_SFLIGHT_SRV.SFlight"}},{"Mandt":" 16","Carrid":" 16","Connid":"C 16","Fldate":"/Date(1210167903000)/","Price":5582.16,"Currency":"Cu 16","Planetype":"Planety 16","Seatsmax":7559,"Seatsocc":5074,"Paymentsum":9889.58,"SeatsmaxB":4226,"SeatsoccB":7346,"SeatsmaxF":9914,"SeatsoccF":8316,"__metadata":{"uri":"/SFlightSet(Mandt='%2016',Carrid='%2016',Connid='C%2016',Fldate=datetime'2008-05-07T13%3A45%3A03')","type":"ZZ_SFLIGHT_SRV.SFlight"}},{"Mandt":" 17","Carrid":" 17","Connid":"C 17","Fldate":"/Date(1539956703000)/","Price":2209.25,"Currency":"Cu 17","Planetype":"Planety 17","Seatsmax":9923,"Seatsocc":6666,"Paymentsum":9106.05,"SeatsmaxB":3064,"SeatsoccB":3857,"SeatsmaxF":6043,"SeatsoccF":4782,"__metadata":{"uri":"/SFlightSet(Mandt='%2017',Carrid='%2017',Connid='C%2017',Fldate=datetime'2018-10-19T13%3A45%3A03')","type":"ZZ_SFLIGHT_SRV.SFlight"}},{"Mandt":" 18","Carrid":" 18","Connid":"C 18","Fldate":"/Date(1555508703000)/","Price":5632.87,"Currency":"Cu 18","Planetype":"Planety 18","Seatsmax":5449,"Seatsocc":7566,"Paymentsum":517.85,"SeatsmaxB":8708,"SeatsoccB":2500,"SeatsmaxF":7329,"SeatsoccF":5370,"__metadata":{"uri":"/SFlightSet(Mandt='%2018',Carrid='%2018',Connid='C%2018',Fldate=datetime'2019-04-17T13%3A45%3A03')","type":"ZZ_SFLIGHT_SRV.SFlight"}},{"Mandt":" 19","Carrid":" 19","Connid":"C 19","Fldate":"/Date(1039445103000)/","Price":5272.55,"Currency":"Cu 19","Planetype":"Planety 19","Seatsmax":4086,"Seatsocc":7640,"Paymentsum":6084.72,"SeatsmaxB":3914,"SeatsoccB":3359,"SeatsmaxF":4605,"SeatsoccF":3684,"__metadata":{"uri":"/SFlightSet(Mandt='%2019',Carrid='%2019',Connid='C%2019',Fldate=datetime'2002-12-09T14%3A45%3A03')","type":"ZZ_SFLIGHT_SRV.SFlight"}},{"Mandt":" 20","Carrid":" 20","Connid":"C 20","Fldate":"/Date(1239371103000)/","Price":3899.73,"Currency":"Cu 20","Planetype":"Planety 20","Seatsmax":1902,"Seatsocc":161,"Paymentsum":539.99,"SeatsmaxB":8419,"SeatsoccB":8175,"SeatsmaxF":1149,"SeatsoccF":4983,"__metadata":{"uri":"/SFlightSet(Mandt='%2020',Carrid='%2020',Connid='C%2020',Fldate=datetime'2009-04-10T13%3A45%3A03')","type":"ZZ_SFLIGHT_SRV.SFlight"}},{"Mandt":" 21","Carrid":" 21","Connid":"C 21","Fldate":"/Date(1268405103000)/","Price":6592.09,"Currency":"Cu 21","Planetype":"Planety 21","Seatsmax":8022,"Seatsocc":2652,"Paymentsum":3731.02,"SeatsmaxB":3710,"SeatsoccB":7931,"SeatsmaxF":2456,"SeatsoccF":1323,"__metadata":{"uri":"/SFlightSet(Mandt='%2021',Carrid='%2021',Connid='C%2021',Fldate=datetime'2010-03-12T14%3A45%3A03')","type":"ZZ_SFLIGHT_SRV.SFlight"}},{"Mandt":" 22","Carrid":" 22","Connid":"C 22","Fldate":"/Date(1490622303000)/","Price":9240,"Currency":"Cu 22","Planetype":"Planety 22","Seatsmax":3112,"Seatsocc":5752,"Paymentsum":7680,"SeatsmaxB":125,"SeatsoccB":4371,"SeatsmaxF":4674,"SeatsoccF":5518,"__metadata":{"uri":"/SFlightSet(Mandt='%2022',Carrid='%2022',Connid='C%2022',Fldate=datetime'2017-03-27T13%3A45%3A03')","type":"ZZ_SFLIGHT_SRV.SFlight"}},{"Mandt":" 23","Carrid":" 23","Connid":"C 23","Fldate":"/Date(1133448303000)/","Price":5575.25,"Currency":"Cu 23","Planetype":"Planety 23","Seatsmax":8766,"Seatsocc":6115,"Paymentsum":4212.82,"SeatsmaxB":7083,"SeatsoccB":4670,"SeatsmaxF":6907,"SeatsoccF":9079,"__metadata":{"uri":"/SFlightSet(Mandt='%2023',Carrid='%2023',Connid='C%2023',Fldate=datetime'2005-12-01T14%3A45%3A03')","type":"ZZ_SFLIGHT_SRV.SFlight"}},{"Mandt":" 24","Carrid":" 24","Connid":"C 24","Fldate":"/Date(1184334303000)/","Price":2621.15,"Currency":"Cu 24","Planetype":"Planety 24","Seatsmax":3112,"Seatsocc":3031,"Paymentsum":4078.77,"SeatsmaxB":9250,"SeatsoccB":3227,"SeatsmaxF":1860,"SeatsoccF":1733,"__metadata":{"uri":"/SFlightSet(Mandt='%2024',Carrid='%2024',Connid='C%2024',Fldate=datetime'2007-07-13T13%3A45%3A03')","type":"ZZ_SFLIGHT_SRV.SFlight"}},{"Mandt":" 25","Carrid":" 25","Connid":"C 25","Fldate":"/Date(978360303000)/","Price":9244.63,"Currency":"Cu 25","Planetype":"Planety 25","Seatsmax":9511,"Seatsocc":669,"Paymentsum":6336.84,"SeatsmaxB":6845,"SeatsoccB":9792,"SeatsmaxF":5096,"SeatsoccF":9497,"__metadata":{"uri":"/SFlightSet(Mandt='%2025',Carrid='%2025',Connid='C%2025',Fldate=datetime'2001-01-01T14%3A45%3A03')","type":"ZZ_SFLIGHT_SRV.SFlight"}},{"Mandt":" 26","Carrid":" 26","Connid":"C 26","Fldate":"/Date(1011710703000)/","Price":7555.63,"Currency":"Cu 26","Planetype":"Planety 26","Seatsmax":1346,"Seatsocc":417,"Paymentsum":9799.75,"SeatsmaxB":6235,"SeatsoccB":7773,"SeatsmaxF":9393,"SeatsoccF":569,"__metadata":{"uri":"/SFlightSet(Mandt='%2026',Carrid='%2026',Connid='C%2026',Fldate=datetime'2002-01-22T14%3A45%3A03')","type":"ZZ_SFLIGHT_SRV.SFlight"}},{"Mandt":" 27","Carrid":" 27","Connid":"C 27","Fldate":"/Date(1538401503000)/","Price":5976.94,"Currency":"Cu 27","Planetype":"Planety 27","Seatsmax":7560,"Seatsocc":1345,"Paymentsum":3090.44,"SeatsmaxB":3878,"SeatsoccB":9902,"SeatsmaxF":6417,"SeatsoccF":1882,"__metadata":{"uri":"/SFlightSet(Mandt='%2027',Carrid='%2027',Connid='C%2027',Fldate=datetime'2018-10-01T13%3A45%3A03')","type":"ZZ_SFLIGHT_SRV.SFlight"}},{"Mandt":" 28","Carrid":" 28","Connid":"C 28","Fldate":"/Date(1070549103000)/","Price":1297.78,"Currency":"Cu 28","Planetype":"Planety 28","Seatsmax":630,"Seatsocc":7729,"Paymentsum":3101.81,"SeatsmaxB":7802,"SeatsoccB":9982,"SeatsmaxF":3648,"SeatsoccF":7402,"__metadata":{"uri":"/SFlightSet(Mandt='%2028',Carrid='%2028',Connid='C%2028',Fldate=datetime'2003-12-04T14%3A45%3A03')","type":"ZZ_SFLIGHT_SRV.SFlight"}},{"Mandt":" 29","Carrid":" 29","Connid":"C 29","Fldate":"/Date(1136126703000)/","Price":9545.37,"Currency":"Cu 29","Planetype":"Planety 29","Seatsmax":607,"Seatsocc":4556,"Paymentsum":4880.84,"SeatsmaxB":5647,"SeatsoccB":5848,"SeatsmaxF":4489,"SeatsoccF":9979,"__metadata":{"uri":"/SFlightSet(Mandt='%2029',Carrid='%2029',Connid='C%2029',Fldate=datetime'2006-01-01T14%3A45%3A03')","type":"ZZ_SFLIGHT_SRV.SFlight"}},{"Mandt":" 30","Carrid":" 30","Connid":"C 30","Fldate":"/Date(1090763103000)/","Price":3507.19,"Currency":"Cu 30","Planetype":"Planety 30","Seatsmax":232,"Seatsocc":894,"Paymentsum":2537.92,"SeatsmaxB":175,"SeatsoccB":7278,"SeatsmaxF":2646,"SeatsoccF":7045,"__metadata":{"uri":"/SFlightSet(Mandt='%2030',Carrid='%2030',Connid='C%2030',Fldate=datetime'2004-07-25T13%3A45%3A03')","type":"ZZ_SFLIGHT_SRV.SFlight"}}]