[{
	"carrid": "carrid 1",
	"connid": "connid 1",
	"fldate": "/Date(1130495682000)/",
	"price": 792.26,
	"currency": "currency 1",
	"planetype": "planetype 1",
	"seatsmax": 8312,
	"seatsocc": 1745,
	"paymentsum": 9443.37,
	"seatsmax_b": 5646,
	"seatsocc_b": 6515,
	"seatsmax_f": 7536,
	"seatsocc_f": 3215,
	"__metadata": {
		"uri": "ZDEMO_CDS_SFLIGHT(carrid='carrid%201',connid='connid%201',fldate=datetime'2005-10-28T10%3A34%3A42')",
		"type": "ZTORBENTEST_SRV.ZDEMO_CDS_SFLIGHTType"
	}
}, {
	"carrid": "carrid 2",
	"connid": "connid 2",
	"fldate": "/Date(1542886482000)/",
	"price": 1898.54,
	"currency": "currency 2",
	"planetype": "planetype 2",
	"seatsmax": 1377,
	"seatsocc": 9384,
	"paymentsum": 1082.41,
	"seatsmax_b": 2512,
	"seatsocc_b": 6562,
	"seatsmax_f": 8433,
	"seatsocc_f": 1752,
	"__metadata": {
		"uri": "ZDEMO_CDS_SFLIGHT(carrid='carrid%202',connid='connid%202',fldate=datetime'2018-11-22T11%3A34%3A42')",
		"type": "ZTORBENTEST_SRV.ZDEMO_CDS_SFLIGHTType"
	}
}, {
	"carrid": "carrid 3",
	"connid": "connid 3",
	"fldate": "/Date(1376562882000)/",
	"price": 6618.7,
	"currency": "currency 3",
	"planetype": "planetype 3",
	"seatsmax": 1169,
	"seatsocc": 137,
	"paymentsum": 2383.08,
	"seatsmax_b": 9150,
	"seatsocc_b": 1631,
	"seatsmax_f": 660,
	"seatsocc_f": 7962,
	"__metadata": {
		"uri": "ZDEMO_CDS_SFLIGHT(carrid='carrid%203',connid='connid%203',fldate=datetime'2013-08-15T10%3A34%3A42')",
		"type": "ZTORBENTEST_SRV.ZDEMO_CDS_SFLIGHTType"
	}
}, {
	"carrid": "carrid 4",
	"connid": "connid 4",
	"fldate": "/Date(1178015682000)/",
	"price": 8548.36,
	"currency": "currency 4",
	"planetype": "planetype 4",
	"seatsmax": 7780,
	"seatsocc": 8299,
	"paymentsum": 6959.46,
	"seatsmax_b": 7838,
	"seatsocc_b": 5700,
	"seatsmax_f": 2922,
	"seatsocc_f": 5335,
	"__metadata": {
		"uri": "ZDEMO_CDS_SFLIGHT(carrid='carrid%204',connid='connid%204',fldate=datetime'2007-05-01T10%3A34%3A42')",
		"type": "ZTORBENTEST_SRV.ZDEMO_CDS_SFLIGHTType"
	}
}, {
	"carrid": "carrid 5",
	"connid": "connid 5",
	"fldate": "/Date(1158834882000)/",
	"price": 251.74,
	"currency": "currency 5",
	"planetype": "planetype 5",
	"seatsmax": 9854,
	"seatsocc": 6723,
	"paymentsum": 5925.62,
	"seatsmax_b": 9732,
	"seatsocc_b": 9640,
	"seatsmax_f": 4766,
	"seatsocc_f": 2970,
	"__metadata": {
		"uri": "ZDEMO_CDS_SFLIGHT(carrid='carrid%205',connid='connid%205',fldate=datetime'2006-09-21T10%3A34%3A42')",
		"type": "ZTORBENTEST_SRV.ZDEMO_CDS_SFLIGHTType"
	}
}, {
	"carrid": "carrid 6",
	"connid": "connid 6",
	"fldate": "/Date(1406630082000)/",
	"price": 2342.41,
	"currency": "currency 6",
	"planetype": "planetype 6",
	"seatsmax": 2724,
	"seatsocc": 5702,
	"paymentsum": 5615.07,
	"seatsmax_b": 9554,
	"seatsocc_b": 4024,
	"seatsmax_f": 3677,
	"seatsocc_f": 9074,
	"__metadata": {
		"uri": "ZDEMO_CDS_SFLIGHT(carrid='carrid%206',connid='connid%206',fldate=datetime'2014-07-29T10%3A34%3A42')",
		"type": "ZTORBENTEST_SRV.ZDEMO_CDS_SFLIGHTType"
	}
}, {
	"carrid": "carrid 7",
	"connid": "connid 7",
	"fldate": "/Date(1443004482000)/",
	"price": 6240.58,
	"currency": "currency 7",
	"planetype": "planetype 7",
	"seatsmax": 8924,
	"seatsocc": 7289,
	"paymentsum": 5720.06,
	"seatsmax_b": 9159,
	"seatsocc_b": 6749,
	"seatsmax_f": 4039,
	"seatsocc_f": 1936,
	"__metadata": {
		"uri": "ZDEMO_CDS_SFLIGHT(carrid='carrid%207',connid='connid%207',fldate=datetime'2015-09-23T10%3A34%3A42')",
		"type": "ZTORBENTEST_SRV.ZDEMO_CDS_SFLIGHTType"
	}
}, {
	"carrid": "carrid 8",
	"connid": "connid 8",
	"fldate": "/Date(1561718082000)/",
	"price": 775.84,
	"currency": "currency 8",
	"planetype": "planetype 8",
	"seatsmax": 2448,
	"seatsocc": 3348,
	"paymentsum": 9007.52,
	"seatsmax_b": 3929,
	"seatsocc_b": 2977,
	"seatsmax_f": 79,
	"seatsocc_f": 2830,
	"__metadata": {
		"uri": "ZDEMO_CDS_SFLIGHT(carrid='carrid%208',connid='connid%208',fldate=datetime'2019-06-28T10%3A34%3A42')",
		"type": "ZTORBENTEST_SRV.ZDEMO_CDS_SFLIGHTType"
	}
}, {
	"carrid": "carrid 9",
	"connid": "connid 9",
	"fldate": "/Date(977225682000)/",
	"price": 5023.77,
	"currency": "currency 9",
	"planetype": "planetype 9",
	"seatsmax": 9023,
	"seatsocc": 9605,
	"paymentsum": 1411.94,
	"seatsmax_b": 532,
	"seatsocc_b": 6033,
	"seatsmax_f": 4877,
	"seatsocc_f": 7065,
	"__metadata": {
		"uri": "ZDEMO_CDS_SFLIGHT(carrid='carrid%209',connid='connid%209',fldate=datetime'2000-12-19T11%3A34%3A42')",
		"type": "ZTORBENTEST_SRV.ZDEMO_CDS_SFLIGHTType"
	}
}, {
	"carrid": "carrid 10",
	"connid": "connid 10",
	"fldate": "/Date(1275129282000)/",
	"price": 5794.13,
	"currency": "currency 10",
	"planetype": "planetype 10",
	"seatsmax": 7667,
	"seatsocc": 5175,
	"paymentsum": 8235.42,
	"seatsmax_b": 7337,
	"seatsocc_b": 4050,
	"seatsmax_f": 621,
	"seatsocc_f": 8244,
	"__metadata": {
		"uri": "ZDEMO_CDS_SFLIGHT(carrid='carrid%2010',connid='connid%2010',fldate=datetime'2010-05-29T10%3A34%3A42')",
		"type": "ZTORBENTEST_SRV.ZDEMO_CDS_SFLIGHTType"
	}
}]