<edmx:Edmx xmlns:edmx="http://docs.oasis-open.org/odata/ns/edmx" Version="4.0">
	<edmx:Reference Uri="/sap/opu/odata/sap/ZTORBENTEST_SRV/$metadata">
		<edmx:Include Alias="Metadata" Namespace="ZTORBENTEST_SRV"/>
	</edmx:Reference>
	<edmx:Reference Uri="https://wiki.scn.sap.com/wiki/download/attachments/448470968/UI.xml?api=v2">
		<edmx:Include Alias="UI" Namespace="com.sap.vocabularies.UI.v1"/>
	</edmx:Reference>
	<edmx:DataServices>
		<Schema xmlns="http://docs.oasis-open.org/odata/ns/edm" Namespace="ODATACDSWITHSMARTTABLE.annotation0.ZTORBENTEST_SRV">
			<Annotations Target="Metadata.FLIGHT/Carrid">
				<Annotation Term="UI.DataFieldDefault">
					<Record Type="UI.DataField">
						<PropertyValue Property="Value" Path="Carrid"/>
					</Record>
				</Annotation>
			</Annotations>
		</Schema>
	</edmx:DataServices>
</edmx:Edmx>