<?xml version="1.0" encoding="utf-8"?>
<Edmx Version="1.0" xmlns:edmx="http://schemas.microsoft.com/ado/2007/06/edmx" xmlns:m="http://schemas.microsoft.com/ado/2007/08/dataservices/metadata" xmlns:sap="http://www.sap.com/Protocols/SAPData">
	<DataServices m:DataServiceVersion="2.0">
		<Schema Namespace="ZZ_SFLIGHT_SRV" xml:lang="de" sap:schema-version="1" xmlns="http://schemas.microsoft.com/ado/2008/09/edm">
			<EntityType Name="SFlight" sap:content-version="1">
				<Key>
					<PropertyRef Name="Mandt" />
					<PropertyRef Name="Carrid" />
					<PropertyRef Name="Connid" />
					<PropertyRef Name="Fldate" />
				</Key>
				<Property Name="Mandt" Type="Edm.String" Nullable="false" MaxLength="3" sap:unicode="false" sap:label="Mandant" sap:updatable="false" sap:sortable="false" sap:filterable="false" />
				<Property Name="Carrid" Type="Edm.String" Nullable="false" MaxLength="3" sap:unicode="false" sap:label="Fluggesellschaft" sap:updatable="false" sap:sortable="false" sap:filterable="false" />
				<Property Name="Connid" Type="Edm.String" Nullable="false" MaxLength="4" sap:unicode="false" sap:label="Flugnummer" sap:updatable="false" sap:sortable="false" sap:filterable="false" />
				<Property Name="Fldate" Type="Edm.DateTime" Nullable="false" Precision="7" sap:unicode="false" sap:label="Flugdatum" sap:updatable="false" sap:sortable="false" sap:filterable="false" />
				<Property Name="Price" Type="Edm.Decimal" Nullable="false" Precision="16" Scale="3" sap:unicode="false" sap:unit="Currency" sap:label="Flugpreis" sap:updatable="false" sap:sortable="false" sap:filterable="false" />
				<Property Name="Currency" Type="Edm.String" Nullable="false" MaxLength="5" sap:unicode="false" sap:label="Währ. d. Flugg." sap:updatable="false" sap:sortable="false" sap:filterable="false" sap:semantics="currency-code" />
				<Property Name="Planetype" Type="Edm.String" Nullable="false" MaxLength="10" sap:unicode="false" sap:label="Flugzeugtyp" sap:updatable="false" sap:sortable="false" sap:filterable="false" />
				<Property Name="Seatsmax" Type="Edm.Int32" Nullable="false" sap:unicode="false" sap:label="Max. Belegung Eco." sap:updatable="false" sap:sortable="false" sap:filterable="false" />
				<Property Name="Seatsocc" Type="Edm.Int32" Nullable="false" sap:unicode="false" sap:label="Belegung Eco." sap:updatable="false" sap:sortable="false" sap:filterable="false" />
				<Property Name="Paymentsum" Type="Edm.Decimal" Nullable="false" Precision="18" Scale="3" sap:unicode="false" sap:unit="Currency" sap:label="Akt. Summe" sap:updatable="false" sap:sortable="false" sap:filterable="false" />
				<Property Name="SeatsmaxB" Type="Edm.Int32" Nullable="false" sap:unicode="false" sap:label="Max. Belegung Bus." sap:updatable="false" sap:sortable="false" sap:filterable="false" />
				<Property Name="SeatsoccB" Type="Edm.Int32" Nullable="false" sap:unicode="false" sap:label="Belegung Bus." sap:updatable="false" sap:sortable="false" sap:filterable="false" />
				<Property Name="SeatsmaxF" Type="Edm.Int32" Nullable="false" sap:unicode="false" sap:label="Max. Belegung 1st." sap:updatable="false" sap:sortable="false" sap:filterable="false" />
				<Property Name="SeatsoccF" Type="Edm.Int32" Nullable="false" sap:unicode="false" sap:label="Belegung 1st." sap:creatable="false" sap:updatable="false" sap:sortable="false" sap:filterable="false" />
			</EntityType>
			<EntityType Name="Scarr" sap:content-version="1">
				<Key>
					<PropertyRef Name="Mandt" />
					<PropertyRef Name="Carrid" />
				</Key>
				<Property Name="Mandt" Type="Edm.String" Nullable="false" MaxLength="3" sap:unicode="false" sap:label="Mandant" sap:creatable="false" sap:updatable="false" sap:sortable="false" sap:filterable="false" />
				<Property Name="Carrid" Type="Edm.String" Nullable="false" MaxLength="3" sap:unicode="false" sap:label="Fluggesellschaft" sap:creatable="false" sap:updatable="false" sap:sortable="false" sap:filterable="false" />
				<Property Name="Carrname" Type="Edm.String" Nullable="false" MaxLength="20" sap:unicode="false" sap:label="Fluggesellschaft" sap:creatable="false" sap:updatable="false" sap:sortable="false" sap:filterable="false" />
				<Property Name="Currcode" Type="Edm.String" Nullable="false" MaxLength="5" sap:unicode="false" sap:label="Währ. d. Flugg." sap:creatable="false" sap:updatable="false" sap:sortable="false" sap:filterable="false" sap:semantics="currency-code" />
				<Property Name="Url" Type="Edm.String" Nullable="false" MaxLength="255" sap:unicode="false" sap:label="URL" sap:creatable="false" sap:updatable="false" sap:sortable="false" sap:filterable="false" />
			</EntityType>
			<Association Name="Carrid" sap:content-version="1">
				<End Type="ZZ_SFLIGHT_SRV.SFlight" Multiplicity="1" Role="FromRole_Carrid" />
				<End Type="ZZ_SFLIGHT_SRV.Scarr" Multiplicity="*" Role="ToRole_Carrid" />
			</Association>
			<EntityContainer Name="ZZ_SFLIGHT_SRV_Entities" m:IsDefaultEntityContainer="true" sap:supported-formats="atom json xlsx">
				<EntitySet Name="SFlightSet" EntityType="ZZ_SFLIGHT_SRV.SFlight" sap:creatable="false" sap:updatable="false" sap:deletable="false" sap:pageable="false" sap:content-version="1" />
				<EntitySet Name="ScarrSet" EntityType="ZZ_SFLIGHT_SRV.Scarr" sap:creatable="false" sap:updatable="false" sap:deletable="false" sap:pageable="false" sap:content-version="1" />
				<AssociationSet Name="Carrid_AssocSet" Association="ZZ_SFLIGHT_SRV.Carrid" sap:creatable="false" sap:updatable="false" sap:deletable="false" sap:content-version="1">
					<End EntitySet="SFlightSet" Role="FromRole_Carrid" />
					<End EntitySet="ScarrSet" Role="ToRole_Carrid" />
				</AssociationSet>
			</EntityContainer>
			<link rel="self" href="http://DEFFBV022-034.caps.schleifring.site:8000/sap/opu/odata/sap/ZZ_SFLIGHT_SRV/$metadata" xmlns:atom="http://www.w3.org/2005/Atom" />
			<link rel="latest-version" href="http://DEFFBV022-034.caps.schleifring.site:8000/sap/opu/odata/sap/ZZ_SFLIGHT_SRV/$metadata" xmlns:atom="http://www.w3.org/2005/Atom" />
		</Schema>
	</DataServices>
</Edmx>
