<edmx:Edmx xmlns:edmx="http://docs.oasis-open.org/odata/ns/edmx" Version="4.0">
    <edmx:Reference Uri="https://sap.github.io/odata-vocabularies/vocabularies/Common.xml">
        <edmx:Include Namespace="com.sap.vocabularies.Common.v1" Alias="Common"/>
    </edmx:Reference>
    <edmx:Reference Uri="https://sap.github.io/odata-vocabularies/vocabularies/UI.xml">
        <edmx:Include Namespace="com.sap.vocabularies.UI.v1" Alias="UI"/>
    </edmx:Reference>
    <edmx:Reference Uri="/sap/opu/odata/sap/ZZ_MAL_GET_FLIGHT_SRV/$metadata">
        <edmx:Include Namespace="ZZ_MAL_GET_FLIGHT_SRV"/>
    </edmx:Reference>
    <edmx:DataServices>
        <Schema xmlns="http://docs.oasis-open.org/odata/ns/edm" Namespace="local">
            <Annotations Target="ZZ_MAL_GET_FLIGHT_SRV.SFlight">
                <Annotation Term="UI.SelectionFields">
                    <Collection>
                        <PropertyPath>Carrid</PropertyPath>
                    </Collection>
                </Annotation>
            </Annotations>
            <Annotations Target="ZZ_MAL_GET_FLIGHT_SRV.SFlight/Carrid">
                <Annotation Term="Common.ValueList">
                    <Record Type="Common.ValueListType">
                        <PropertyValue Property="Parameters">
                            <Collection>
                                <Record Type="Common.ValueListParameterInOut">
                                    <PropertyValue Property="ValueListProperty" String="Carrid"/>
                                    <PropertyValue Property="LocalDataProperty" PropertyPath="Carrid"/>
                                </Record>
                            </Collection>
                        </PropertyValue>
                        <PropertyValue Property="CollectionPath" String="SFlightSet"/>
                        <PropertyValue Property="SearchSupported" Bool="true"/>
                        <PropertyValue Property="Label" String="Fluggesellschaft"/>
                    </Record>
                </Annotation>
            </Annotations>
        </Schema>
    </edmx:DataServices>
</edmx:Edmx>