<?xml version="1.0" encoding="utf-8"?>
<edmx:Edmx Version="1.0"
	xmlns:edmx="http://schemas.microsoft.com/ado/2007/06/edmx"
	xmlns:m="http://schemas.microsoft.com/ado/2007/08/dataservices/metadata"
	xmlns:sap="http://www.sap.com/Protocols/SAPData">
	<edmx:DataServices m:DataServiceVersion="2.0">
		<Schema Namespace="ZZ_SFLIGHT_SRV" xml:lang="de" sap:schema-version="1"
			xmlns="http://schemas.microsoft.com/ado/2008/09/edm">
			<EntityType Name="SFlight" sap:content-version="1">
				<Key>
					<PropertyRef Name="Mandt"/>
					<PropertyRef Name="Carrid"/>
					<PropertyRef Name="Connid"/>
					<PropertyRef Name="Fldate"/>
				</Key>
				<Property Name="Mandt" Type="Edm.String" Nullable="false" MaxLength="3" sap:unicode="false" sap:label="Mandant" sap:creatable="false" sap:updatable="false" sap:sortable="false" sap:filterable="false"/>
				<Property Name="Carrid" Type="Edm.String" Nullable="false" MaxLength="3" sap:unicode="false" sap:label="Fluggesellschaft" sap:creatable="false" sap:updatable="false" sap:sortable="false" sap:filterable="false"/>
				<Property Name="Connid" Type="Edm.String" Nullable="false" MaxLength="4" sap:unicode="false" sap:label="Flugnummer" sap:creatable="false" sap:updatable="false" sap:sortable="false" sap:filterable="false"/>
				<Property Name="Fldate" Type="Edm.DateTime" Nullable="false" Precision="7" sap:unicode="false" sap:label="Flugdatum" sap:creatable="false" sap:updatable="false" sap:sortable="false" sap:filterable="false"/>
				<Property Name="Price" Type="Edm.Decimal" Nullable="false" Precision="16" Scale="3" sap:unicode="false" sap:unit="Currency" sap:label="Flugpreis" sap:creatable="false" sap:updatable="false" sap:sortable="false" sap:filterable="false"/>
				<Property Name="Currency" Type="Edm.String" Nullable="false" MaxLength="5" sap:unicode="false" sap:label="Währ. d. Flugg." sap:creatable="false" sap:updatable="false" sap:sortable="false" sap:filterable="false" sap:semantics="currency-code"/>
				<Property Name="Planetype" Type="Edm.String" Nullable="false" MaxLength="10" sap:unicode="false" sap:label="Flugzeugtyp" sap:creatable="false" sap:updatable="false" sap:sortable="false" sap:filterable="false"/>
				<Property Name="Seatsmax" Type="Edm.Int32" Nullable="false" sap:unicode="false" sap:label="Max. Belegung Eco." sap:creatable="false" sap:updatable="false" sap:sortable="false" sap:filterable="false"/>
				<Property Name="Seatsocc" Type="Edm.Int32" Nullable="false" sap:unicode="false" sap:label="Belegung Eco." sap:creatable="false" sap:updatable="false" sap:sortable="false" sap:filterable="false"/>
				<Property Name="Paymentsum" Type="Edm.Decimal" Nullable="false" Precision="18" Scale="3" sap:unicode="false" sap:unit="Currency" sap:label="Akt. Summe" sap:creatable="false" sap:updatable="false" sap:sortable="false" sap:filterable="false"/>
				<Property Name="SeatsmaxB" Type="Edm.Int32" Nullable="false" sap:unicode="false" sap:label="Max. Belegung Bus." sap:creatable="false" sap:updatable="false" sap:sortable="false" sap:filterable="false"/>
				<Property Name="SeatsoccB" Type="Edm.Int32" Nullable="false" sap:unicode="false" sap:label="Belegung Bus." sap:creatable="false" sap:updatable="false" sap:sortable="false" sap:filterable="false"/>
				<Property Name="SeatsmaxF" Type="Edm.Int32" Nullable="false" sap:unicode="false" sap:label="Max. Belegung 1st." sap:creatable="false" sap:updatable="false" sap:sortable="false" sap:filterable="false"/>
				<Property Name="SeatsoccF" Type="Edm.Int32" Nullable="false" sap:unicode="false" sap:label="Belegung 1st." sap:creatable="false" sap:updatable="false" sap:sortable="false" sap:filterable="false"/>
			</EntityType>
			<EntityType Name="Spfli" sap:content-version="1">
				<Key>
					<PropertyRef Name="Mandt"/>
					<PropertyRef Name="Carrid"/>
					<PropertyRef Name="Connid"/>
				</Key>
				<Property Name="Mandt" Type="Edm.String" Nullable="false" MaxLength="3" sap:unicode="false" sap:label="Mandant" sap:sortable="false" sap:filterable="false"/>
				<Property Name="Carrid" Type="Edm.String" Nullable="false" MaxLength="3" sap:unicode="false" sap:label="Fluggesellschaft" sap:sortable="false" sap:filterable="false"/>
				<Property Name="Connid" Type="Edm.String" Nullable="false" MaxLength="4" sap:unicode="false" sap:label="Flugnummer" sap:sortable="false" sap:filterable="false"/>
				<Property Name="Countryfr" Type="Edm.String" MaxLength="3" sap:unicode="false" sap:label="Land" sap:sortable="false" sap:filterable="false"/>
				<Property Name="Cityfrom" Type="Edm.String" MaxLength="20" sap:unicode="false" sap:label="Abflugstadt" sap:sortable="false" sap:filterable="false"/>
				<Property Name="Airpfrom" Type="Edm.String" MaxLength="3" sap:unicode="false" sap:label="Startflugh." sap:sortable="false" sap:filterable="false"/>
				<Property Name="Countryto" Type="Edm.String" MaxLength="3" sap:unicode="false" sap:label="Land" sap:sortable="false" sap:filterable="false"/>
				<Property Name="Cityto" Type="Edm.String" MaxLength="20" sap:unicode="false" sap:label="Ankunftstadt" sap:sortable="false" sap:filterable="false"/>
				<Property Name="Airpto" Type="Edm.String" MaxLength="3" sap:unicode="false" sap:label="Zielflugh." sap:sortable="false" sap:filterable="false"/>
				<Property Name="Deptime" Type="Edm.Time" Precision="0" sap:unicode="false" sap:label="Abflug" sap:sortable="false" sap:filterable="false"/>
				<Property Name="Arrtime" Type="Edm.Time" Precision="0" sap:unicode="false" sap:label="Ankunftszeit" sap:sortable="false" sap:filterable="false"/>
				<Property Name="Distance" Type="Edm.Decimal" Precision="9" Scale="4" sap:unicode="false" sap:unit="Distid" sap:label="Entfernung" sap:sortable="false" sap:filterable="false"/>
				<Property Name="Distid" Type="Edm.String" MaxLength="3" sap:unicode="false" sap:label="Entfernung in" sap:sortable="false" sap:filterable="false" sap:semantics="unit-of-measure"/>
				<Property Name="Fltype" Type="Edm.String" MaxLength="1" sap:unicode="false" sap:label="Charter" sap:sortable="false" sap:filterable="false"/>
				<Property Name="Period" Type="Edm.Byte" sap:unicode="false" sap:label="n Tag(e) später" sap:sortable="false" sap:filterable="false"/>
			</EntityType>
			<EntityType Name="Scarr" sap:content-version="1">
				<Key>
					<PropertyRef Name="Mandt"/>
					<PropertyRef Name="Carrid"/>
				</Key>
				<Property Name="Mandt" Type="Edm.String" Nullable="false" MaxLength="3" sap:unicode="false" sap:label="Mandant"/>
				<Property Name="Carrid" Type="Edm.String" Nullable="false" MaxLength="3" sap:unicode="false" sap:label="Fluggesellschaft"/>
				<Property Name="Carrname" Type="Edm.String" MaxLength="20" sap:unicode="false" sap:label="Fluggesellschaft"/>
				<Property Name="Currcode" Type="Edm.String" MaxLength="5" sap:unicode="false" sap:label="Währ. d. Flugg." sap:semantics="currency-code"/>
				<Property Name="Url" Type="Edm.String" MaxLength="255" sap:unicode="false" sap:label="URL"/>
				<NavigationProperty Name="HeaderToItem" Relationship="ZZ_SFLIGHT_SRV.HeaderToItem" FromRole="FromRole_HeaderToItem" ToRole="ToRole_HeaderToItem"/>
			</EntityType>
			<Association Name="HeaderToItem" sap:content-version="1">
				<End Type="ZZ_SFLIGHT_SRV.Scarr" Multiplicity="1" Role="FromRole_HeaderToItem"/>
				<End Type="ZZ_SFLIGHT_SRV.Spfli" Multiplicity="*" Role="ToRole_HeaderToItem"/>
				<ReferentialConstraint>
					<Principal Role="FromRole_HeaderToItem">
						<PropertyRef Name="Mandt"/>
						<PropertyRef Name="Carrid"/>
					</Principal>
					<Dependent Role="ToRole_HeaderToItem">
						<PropertyRef Name="Mandt"/>
						<PropertyRef Name="Carrid"/>
					</Dependent>
				</ReferentialConstraint>
			</Association>
			<EntityContainer Name="ZZ_SFLIGHT_SRV_Entities" m:IsDefaultEntityContainer="true" sap:supported-formats="atom json xlsx">
				<EntitySet Name="SFlightSet" EntityType="ZZ_SFLIGHT_SRV.SFlight" sap:pageable="false" sap:requires-filter="true" sap:content-version="1"/>
				<EntitySet Name="SpfliSet" EntityType="ZZ_SFLIGHT_SRV.Spfli" sap:pageable="false" sap:requires-filter="true" sap:content-version="1"/>
				<EntitySet Name="ScarrSet" EntityType="ZZ_SFLIGHT_SRV.Scarr" sap:pageable="false" sap:requires-filter="false" sap:content-version="1"/>
				<AssociationSet Name="HeaderToItemSet" Association="ZZ_SFLIGHT_SRV.HeaderToItem" sap:creatable="false" sap:updatable="false" sap:deletable="false" sap:content-version="1">
					<End EntitySet="ScarrSet" Role="FromRole_HeaderToItem"/>
					<End EntitySet="SpfliSet" Role="ToRole_HeaderToItem"/>
				</AssociationSet>
			</EntityContainer>
			<Annotation Term="Core.SchemaVersion" String="1.0.0"
				xmlns="http://docs.oasis-open.org/odata/ns/edm"/>
			<atom:link rel="self" href="https://COT.RZ.SYS.AOK.DE:44342/sap/opu/odata/sap/ZZ_SFLIGHT_SRV/$metadata"
				xmlns:atom="http://www.w3.org/2005/Atom"/>
			<atom:link rel="latest-version" href="https://COT.RZ.SYS.AOK.DE:44342/sap/opu/odata/sap/ZZ_SFLIGHT_SRV/$metadata"
				xmlns:atom="http://www.w3.org/2005/Atom"/>
		</Schema>
	</edmx:DataServices>
</edmx:Edmx>