[{
	"flightDetails": {
		"countryFrom": "countryFrom 1",
		"cityFrom": "cityFrom 1",
		"airportFrom": "airportFrom 1",
		"countryTo": "countryTo 1",
		"cityTo": "cityTo 1",
		"airportTo": "airportTo 1",
		"flightTime": 6043,
		"departureTime": "PT0H2M39S",
		"arrivalTime": "PT6H46M15S",
		"distance": 1088.57,
		"distanceUnit": "distanceUnit 1",
		"flightType": "flightType 1",
		"period": 0
	},
	"carrid": "carrid 1",
	"connid": "connid 1",
	"fldate": "/Date(967817058000)/",
	"PRICE": 6144.81,
	"CURRENCY": "CURRENCY 1",
	"PLANETYPE": "PLANETYPE 1",
	"SEATSMAX": 4782,
	"SEATSOCC": 5449,
	"PAYMENTSUM": 4403.83,
	"SEATSMAX_B": 7566,
	"SEATSOCC_B": 8708,
	"SEATSMAX_F": 2500,
	"SEATSOCC_F": 7329,
	"__metadata": {
		"uri": "FlightCollection(carrid='carrid%201',connid='connid%201',fldate=datetime'2000-09-01T14%3A04%3A18')",
		"type": "RMTSAMPLEFLIGHT.Flight"
	},
	"flightbooking": {
		"__deferred": {
			"uri": "FlightCollection(carrid='carrid%201',connid='connid%201',fldate=datetime'2000-09-01T14%3A04%3A18')/flightbooking"
		}
	},
	"flightBookings": {
		"__deferred": {
			"uri": "FlightCollection(carrid='carrid%201',connid='connid%201',fldate=datetime'2000-09-01T14%3A04%3A18')/flightBookings"
		}
	},
	"FlightCarrier": {
		"__deferred": {
			"uri": "FlightCollection(carrid='carrid%201',connid='connid%201',fldate=datetime'2000-09-01T14%3A04%3A18')/FlightCarrier"
		}
	},
	"FlightCarrier_FW": {
		"__deferred": {
			"uri": "FlightCollection(carrid='carrid%201',connid='connid%201',fldate=datetime'2000-09-01T14%3A04%3A18')/FlightCarrier_FW"
		}
	}
}, {
	"flightDetails": {
		"countryFrom": "countryFrom 2",
		"cityFrom": "cityFrom 2",
		"airportFrom": "airportFrom 2",
		"countryTo": "countryTo 2",
		"cityTo": "cityTo 2",
		"airportTo": "airportTo 2",
		"flightTime": 5370,
		"departureTime": "PT11H45M0S",
		"arrivalTime": "PT19H56M47S",
		"distance": 8447.5,
		"distanceUnit": "distanceUnit 2",
		"flightType": "flightType 2",
		"period": 0
	},
	"carrid": "carrid 2",
	"connid": "connid 2",
	"fldate": "/Date(1509199458000)/",
	"PRICE": 5271.63,
	"CURRENCY": "CURRENCY 2",
	"PLANETYPE": "PLANETYPE 2",
	"SEATSMAX": 4086,
	"SEATSOCC": 7640,
	"PAYMENTSUM": 5090.7,
	"SEATSMAX_B": 3914,
	"SEATSOCC_B": 3359,
	"SEATSMAX_F": 4605,
	"SEATSOCC_F": 3684,
	"__metadata": {
		"uri": "FlightCollection(carrid='carrid%202',connid='connid%202',fldate=datetime'2017-10-28T14%3A04%3A18')",
		"type": "RMTSAMPLEFLIGHT.Flight"
	},
	"flightbooking": {
		"__deferred": {
			"uri": "FlightCollection(carrid='carrid%202',connid='connid%202',fldate=datetime'2017-10-28T14%3A04%3A18')/flightbooking"
		}
	},
	"flightBookings": {
		"__deferred": {
			"uri": "FlightCollection(carrid='carrid%202',connid='connid%202',fldate=datetime'2017-10-28T14%3A04%3A18')/flightBookings"
		}
	},
	"FlightCarrier": {
		"__deferred": {
			"uri": "FlightCollection(carrid='carrid%202',connid='connid%202',fldate=datetime'2017-10-28T14%3A04%3A18')/FlightCarrier"
		}
	},
	"FlightCarrier_FW": {
		"__deferred": {
			"uri": "FlightCollection(carrid='carrid%202',connid='connid%202',fldate=datetime'2017-10-28T14%3A04%3A18')/FlightCarrier_FW"
		}
	}
}, {
	"flightDetails": {
		"countryFrom": "countryFrom 3",
		"cityFrom": "cityFrom 3",
		"airportFrom": "airportFrom 3",
		"countryTo": "countryTo 3",
		"cityTo": "cityTo 3",
		"airportTo": "airportTo 3",
		"flightTime": 1902,
		"departureTime": "PT7H3M28S",
		"arrivalTime": "PT9H44M46S",
		"distance": 9287.05,
		"distanceUnit": "distanceUnit 3",
		"flightType": "flightType 3",
		"period": 6
	},
	"carrid": "carrid 3",
	"connid": "connid 3",
	"fldate": "/Date(1190124258000)/",
	"PRICE": 7469.01,
	"CURRENCY": "CURRENCY 3",
	"PLANETYPE": "PLANETYPE 3",
	"SEATSMAX": 161,
	"SEATSOCC": 8419,
	"PAYMENTSUM": 8491.91,
	"SEATSMAX_B": 8175,
	"SEATSOCC_B": 1149,
	"SEATSMAX_F": 4983,
	"SEATSOCC_F": 8022,
	"__metadata": {
		"uri": "FlightCollection(carrid='carrid%203',connid='connid%203',fldate=datetime'2007-09-18T14%3A04%3A18')",
		"type": "RMTSAMPLEFLIGHT.Flight"
	},
	"flightbooking": {
		"__deferred": {
			"uri": "FlightCollection(carrid='carrid%203',connid='connid%203',fldate=datetime'2007-09-18T14%3A04%3A18')/flightbooking"
		}
	},
	"flightBookings": {
		"__deferred": {
			"uri": "FlightCollection(carrid='carrid%203',connid='connid%203',fldate=datetime'2007-09-18T14%3A04%3A18')/flightBookings"
		}
	},
	"FlightCarrier": {
		"__deferred": {
			"uri": "FlightCollection(carrid='carrid%203',connid='connid%203',fldate=datetime'2007-09-18T14%3A04%3A18')/FlightCarrier"
		}
	},
	"FlightCarrier_FW": {
		"__deferred": {
			"uri": "FlightCollection(carrid='carrid%203',connid='connid%203',fldate=datetime'2007-09-18T14%3A04%3A18')/FlightCarrier_FW"
		}
	}
}, {
	"flightDetails": {
		"countryFrom": "countryFrom 4",
		"cityFrom": "cityFrom 4",
		"airportFrom": "airportFrom 4",
		"countryTo": "countryTo 4",
		"cityTo": "cityTo 4",
		"airportTo": "airportTo 4",
		"flightTime": 2652,
		"departureTime": "PT8H36M41S",
		"arrivalTime": "PT7H17M39S",
		"distance": 2695.42,
		"distanceUnit": "distanceUnit 4",
		"flightType": "flightType 4",
		"period": 2
	},
	"carrid": "carrid 4",
	"connid": "connid 4",
	"fldate": "/Date(1405346658000)/",
	"PRICE": 641.43,
	"CURRENCY": "CURRENCY 4",
	"PLANETYPE": "PLANETYPE 4",
	"SEATSMAX": 3710,
	"SEATSOCC": 7931,
	"PAYMENTSUM": 2565.08,
	"SEATSMAX_B": 2456,
	"SEATSOCC_B": 1323,
	"SEATSMAX_F": 3112,
	"SEATSOCC_F": 5752,
	"__metadata": {
		"uri": "FlightCollection(carrid='carrid%204',connid='connid%204',fldate=datetime'2014-07-14T14%3A04%3A18')",
		"type": "RMTSAMPLEFLIGHT.Flight"
	},
	"flightbooking": {
		"__deferred": {
			"uri": "FlightCollection(carrid='carrid%204',connid='connid%204',fldate=datetime'2014-07-14T14%3A04%3A18')/flightbooking"
		}
	},
	"flightBookings": {
		"__deferred": {
			"uri": "FlightCollection(carrid='carrid%204',connid='connid%204',fldate=datetime'2014-07-14T14%3A04%3A18')/flightBookings"
		}
	},
	"FlightCarrier": {
		"__deferred": {
			"uri": "FlightCollection(carrid='carrid%204',connid='connid%204',fldate=datetime'2014-07-14T14%3A04%3A18')/FlightCarrier"
		}
	},
	"FlightCarrier_FW": {
		"__deferred": {
			"uri": "FlightCollection(carrid='carrid%204',connid='connid%204',fldate=datetime'2014-07-14T14%3A04%3A18')/FlightCarrier_FW"
		}
	}
}, {
	"flightDetails": {
		"countryFrom": "countryFrom 5",
		"cityFrom": "cityFrom 5",
		"airportFrom": "airportFrom 5",
		"countryTo": "countryTo 5",
		"cityTo": "cityTo 5",
		"airportTo": "airportTo 5",
		"flightTime": 125,
		"departureTime": "PT7H12M5S",
		"arrivalTime": "PT16H27M32S",
		"distance": 3323.89,
		"distanceUnit": "distanceUnit 5",
		"flightType": "flightType 5",
		"period": 7
	},
	"carrid": "carrid 5",
	"connid": "connid 5",
	"fldate": "/Date(1274191458000)/",
	"PRICE": 6554.97,
	"CURRENCY": "CURRENCY 5",
	"PLANETYPE": "PLANETYPE 5",
	"SEATSMAX": 4371,
	"SEATSOCC": 4674,
	"PAYMENTSUM": 6819.37,
	"SEATSMAX_B": 5518,
	"SEATSOCC_B": 8766,
	"SEATSMAX_F": 6115,
	"SEATSOCC_F": 7083,
	"__metadata": {
		"uri": "FlightCollection(carrid='carrid%205',connid='connid%205',fldate=datetime'2010-05-18T14%3A04%3A18')",
		"type": "RMTSAMPLEFLIGHT.Flight"
	},
	"flightbooking": {
		"__deferred": {
			"uri": "FlightCollection(carrid='carrid%205',connid='connid%205',fldate=datetime'2010-05-18T14%3A04%3A18')/flightbooking"
		}
	},
	"flightBookings": {
		"__deferred": {
			"uri": "FlightCollection(carrid='carrid%205',connid='connid%205',fldate=datetime'2010-05-18T14%3A04%3A18')/flightBookings"
		}
	},
	"FlightCarrier": {
		"__deferred": {
			"uri": "FlightCollection(carrid='carrid%205',connid='connid%205',fldate=datetime'2010-05-18T14%3A04%3A18')/FlightCarrier"
		}
	},
	"FlightCarrier_FW": {
		"__deferred": {
			"uri": "FlightCollection(carrid='carrid%205',connid='connid%205',fldate=datetime'2010-05-18T14%3A04%3A18')/FlightCarrier_FW"
		}
	}
}, {
	"flightDetails": {
		"countryFrom": "countryFrom 6",
		"cityFrom": "cityFrom 6",
		"airportFrom": "airportFrom 6",
		"countryTo": "countryTo 6",
		"cityTo": "cityTo 6",
		"airportTo": "airportTo 6",
		"flightTime": 4670,
		"departureTime": "PT12H58M13S",
		"arrivalTime": "PT20H33M3S",
		"distance": 2021.17,
		"distanceUnit": "distanceUnit 6",
		"flightType": "flightType 6",
		"period": 2
	},
	"carrid": "carrid 6",
	"connid": "connid 6",
	"fldate": "/Date(1210169058000)/",
	"PRICE": 7432.26,
	"CURRENCY": "CURRENCY 6",
	"PLANETYPE": "PLANETYPE 6",
	"SEATSMAX": 6907,
	"SEATSOCC": 9079,
	"PAYMENTSUM": 5864.16,
	"SEATSMAX_B": 3112,
	"SEATSOCC_B": 3031,
	"SEATSMAX_F": 9250,
	"SEATSOCC_F": 3227,
	"__metadata": {
		"uri": "FlightCollection(carrid='carrid%206',connid='connid%206',fldate=datetime'2008-05-07T14%3A04%3A18')",
		"type": "RMTSAMPLEFLIGHT.Flight"
	},
	"flightbooking": {
		"__deferred": {
			"uri": "FlightCollection(carrid='carrid%206',connid='connid%206',fldate=datetime'2008-05-07T14%3A04%3A18')/flightbooking"
		}
	},
	"flightBookings": {
		"__deferred": {
			"uri": "FlightCollection(carrid='carrid%206',connid='connid%206',fldate=datetime'2008-05-07T14%3A04%3A18')/flightBookings"
		}
	},
	"FlightCarrier": {
		"__deferred": {
			"uri": "FlightCollection(carrid='carrid%206',connid='connid%206',fldate=datetime'2008-05-07T14%3A04%3A18')/FlightCarrier"
		}
	},
	"FlightCarrier_FW": {
		"__deferred": {
			"uri": "FlightCollection(carrid='carrid%206',connid='connid%206',fldate=datetime'2008-05-07T14%3A04%3A18')/FlightCarrier_FW"
		}
	}
}, {
	"flightDetails": {
		"countryFrom": "countryFrom 7",
		"cityFrom": "cityFrom 7",
		"airportFrom": "airportFrom 7",
		"countryTo": "countryTo 7",
		"cityTo": "cityTo 7",
		"airportTo": "airportTo 7",
		"flightTime": 1860,
		"departureTime": "PT12H35M23S",
		"arrivalTime": "PT1H38M22S",
		"distance": 7960.92,
		"distanceUnit": "distanceUnit 7",
		"flightType": "flightType 7",
		"period": 5
	},
	"carrid": "carrid 7",
	"connid": "connid 7",
	"fldate": "/Date(1039446258000)/",
	"PRICE": 2368.15,
	"CURRENCY": "CURRENCY 7",
	"PLANETYPE": "PLANETYPE 7",
	"SEATSMAX": 1733,
	"SEATSOCC": 9511,
	"PAYMENTSUM": 9983.08,
	"SEATSMAX_B": 669,
	"SEATSOCC_B": 6845,
	"SEATSMAX_F": 9792,
	"SEATSOCC_F": 5096,
	"__metadata": {
		"uri": "FlightCollection(carrid='carrid%207',connid='connid%207',fldate=datetime'2002-12-09T15%3A04%3A18')",
		"type": "RMTSAMPLEFLIGHT.Flight"
	},
	"flightbooking": {
		"__deferred": {
			"uri": "FlightCollection(carrid='carrid%207',connid='connid%207',fldate=datetime'2002-12-09T15%3A04%3A18')/flightbooking"
		}
	},
	"flightBookings": {
		"__deferred": {
			"uri": "FlightCollection(carrid='carrid%207',connid='connid%207',fldate=datetime'2002-12-09T15%3A04%3A18')/flightBookings"
		}
	},
	"FlightCarrier": {
		"__deferred": {
			"uri": "FlightCollection(carrid='carrid%207',connid='connid%207',fldate=datetime'2002-12-09T15%3A04%3A18')/FlightCarrier"
		}
	},
	"FlightCarrier_FW": {
		"__deferred": {
			"uri": "FlightCollection(carrid='carrid%207',connid='connid%207',fldate=datetime'2002-12-09T15%3A04%3A18')/FlightCarrier_FW"
		}
	}
}, {
	"flightDetails": {
		"countryFrom": "countryFrom 8",
		"cityFrom": "cityFrom 8",
		"airportFrom": "airportFrom 8",
		"countryTo": "countryTo 8",
		"cityTo": "cityTo 8",
		"airportTo": "airportTo 8",
		"flightTime": 9497,
		"departureTime": "PT21H45M32S",
		"arrivalTime": "PT9H15M24S",
		"distance": 6173.6,
		"distanceUnit": "distanceUnit 8",
		"flightType": "flightType 8",
		"period": 7
	},
	"carrid": "carrid 8",
	"connid": "connid 8",
	"fldate": "/Date(1490623458000)/",
	"PRICE": 299.2,
	"CURRENCY": "CURRENCY 8",
	"PLANETYPE": "PLANETYPE 8",
	"SEATSMAX": 1346,
	"SEATSOCC": 417,
	"PAYMENTSUM": 9916.64,
	"SEATSMAX_B": 6235,
	"SEATSOCC_B": 7773,
	"SEATSMAX_F": 9393,
	"SEATSOCC_F": 569,
	"__metadata": {
		"uri": "FlightCollection(carrid='carrid%208',connid='connid%208',fldate=datetime'2017-03-27T14%3A04%3A18')",
		"type": "RMTSAMPLEFLIGHT.Flight"
	},
	"flightbooking": {
		"__deferred": {
			"uri": "FlightCollection(carrid='carrid%208',connid='connid%208',fldate=datetime'2017-03-27T14%3A04%3A18')/flightbooking"
		}
	},
	"flightBookings": {
		"__deferred": {
			"uri": "FlightCollection(carrid='carrid%208',connid='connid%208',fldate=datetime'2017-03-27T14%3A04%3A18')/flightBookings"
		}
	},
	"FlightCarrier": {
		"__deferred": {
			"uri": "FlightCollection(carrid='carrid%208',connid='connid%208',fldate=datetime'2017-03-27T14%3A04%3A18')/FlightCarrier"
		}
	},
	"FlightCarrier_FW": {
		"__deferred": {
			"uri": "FlightCollection(carrid='carrid%208',connid='connid%208',fldate=datetime'2017-03-27T14%3A04%3A18')/FlightCarrier_FW"
		}
	}
}, {
	"flightDetails": {
		"countryFrom": "countryFrom 9",
		"cityFrom": "cityFrom 9",
		"airportFrom": "airportFrom 9",
		"countryTo": "countryTo 9",
		"cityTo": "cityTo 9",
		"airportTo": "airportTo 9",
		"flightTime": 7560,
		"departureTime": "PT21H37M44S",
		"arrivalTime": "PT22H35M18S",
		"distance": 7279.44,
		"distanceUnit": "distanceUnit 9",
		"flightType": "flightType 9",
		"period": 0
	},
	"carrid": "carrid 9",
	"connid": "connid 9",
	"fldate": "/Date(978361458000)/",
	"PRICE": 1140.17,
	"CURRENCY": "CURRENCY 9",
	"PLANETYPE": "PLANETYPE 9",
	"SEATSMAX": 1345,
	"SEATSOCC": 3878,
	"PAYMENTSUM": 9131.58,
	"SEATSMAX_B": 9902,
	"SEATSOCC_B": 6417,
	"SEATSMAX_F": 1882,
	"SEATSOCC_F": 630,
	"__metadata": {
		"uri": "FlightCollection(carrid='carrid%209',connid='connid%209',fldate=datetime'2001-01-01T15%3A04%3A18')",
		"type": "RMTSAMPLEFLIGHT.Flight"
	},
	"flightbooking": {
		"__deferred": {
			"uri": "FlightCollection(carrid='carrid%209',connid='connid%209',fldate=datetime'2001-01-01T15%3A04%3A18')/flightbooking"
		}
	},
	"flightBookings": {
		"__deferred": {
			"uri": "FlightCollection(carrid='carrid%209',connid='connid%209',fldate=datetime'2001-01-01T15%3A04%3A18')/flightBookings"
		}
	},
	"FlightCarrier": {
		"__deferred": {
			"uri": "FlightCollection(carrid='carrid%209',connid='connid%209',fldate=datetime'2001-01-01T15%3A04%3A18')/FlightCarrier"
		}
	},
	"FlightCarrier_FW": {
		"__deferred": {
			"uri": "FlightCollection(carrid='carrid%209',connid='connid%209',fldate=datetime'2001-01-01T15%3A04%3A18')/FlightCarrier_FW"
		}
	}
}, {
	"flightDetails": {
		"countryFrom": "countryFrom 10",
		"cityFrom": "cityFrom 10",
		"airportFrom": "airportFrom 10",
		"countryTo": "countryTo 10",
		"cityTo": "cityTo 10",
		"airportTo": "airportTo 10",
		"flightTime": 7729,
		"departureTime": "PT2H18M56S",
		"arrivalTime": "PT11H20M14S",
		"distance": 2057.81,
		"distanceUnit": "distanceUnit 10",
		"flightType": "flightType 10",
		"period": 8
	},
	"carrid": "carrid 10",
	"connid": "connid 10",
	"fldate": "/Date(1070550258000)/",
	"PRICE": 6976.51,
	"CURRENCY": "CURRENCY 10",
	"PLANETYPE": "PLANETYPE 10",
	"SEATSMAX": 7802,
	"SEATSOCC": 9982,
	"PAYMENTSUM": 244.84,
	"SEATSMAX_B": 3648,
	"SEATSOCC_B": 7402,
	"SEATSMAX_F": 607,
	"SEATSOCC_F": 4556,
	"__metadata": {
		"uri": "FlightCollection(carrid='carrid%2010',connid='connid%2010',fldate=datetime'2003-12-04T15%3A04%3A18')",
		"type": "RMTSAMPLEFLIGHT.Flight"
	},
	"flightbooking": {
		"__deferred": {
			"uri": "FlightCollection(carrid='carrid%2010',connid='connid%2010',fldate=datetime'2003-12-04T15%3A04%3A18')/flightbooking"
		}
	},
	"flightBookings": {
		"__deferred": {
			"uri": "FlightCollection(carrid='carrid%2010',connid='connid%2010',fldate=datetime'2003-12-04T15%3A04%3A18')/flightBookings"
		}
	},
	"FlightCarrier": {
		"__deferred": {
			"uri": "FlightCollection(carrid='carrid%2010',connid='connid%2010',fldate=datetime'2003-12-04T15%3A04%3A18')/FlightCarrier"
		}
	},
	"FlightCarrier_FW": {
		"__deferred": {
			"uri": "FlightCollection(carrid='carrid%2010',connid='connid%2010',fldate=datetime'2003-12-04T15%3A04%3A18')/FlightCarrier_FW"
		}
	}
}]