<edmx:Edmx xmlns:edmx="http://docs.oasis-open.org/odata/ns/edmx" Version="4.0">
	<edmx:Reference Uri="/sap/opu/odata/iwfnd/RMTSAMPLEFLIGHT/$metadata">
		<edmx:Include Alias="Metadata" Namespace="RMTSAMPLEFLIGHT"/>
	</edmx:Reference>
	<edmx:Reference Uri="https://wiki.scn.sap.com/wiki/download/attachments/448470968/UI.xml?api=v2">
		<edmx:Include Alias="UI" Namespace="com.sap.vocabularies.UI.v1"/>
	</edmx:Reference>
	<edmx:DataServices>
		<Schema xmlns="http://docs.oasis-open.org/odata/ns/edm" Namespace="ODataUebung.annotations.annotation0.RMTSAMPLEFLIGHT">
			<Annotations Target="Metadata.Flight/carrid">
				<Annotation Term="UI.DataFieldDefault">
					<Record Type="UI.DataField">
						<PropertyValue Property="Value" Path="carrid"/>
					</Record>
				</Annotation>
			</Annotations>
			<Annotations Target="Metadata.Flight/connid">
				<Annotation Term="UI.DataFieldDefault"/>
			</Annotations>
			<Annotations Target="Metadata.Flight/fldate">
				<Annotation Term="UI.DataFieldDefault"/>
			</Annotations>
		</Schema>
	</edmx:DataServices>
</edmx:Edmx>